-- MATCALL Database Setup
-- Generated from CSV export
-- Run in Supabase SQL Editor

-- =============================================
-- STEP 1: CREATE TABLES
-- =============================================

create table if not exists master_plant (
  id            bigserial primary key,
  plant_code    text not null unique,
  plant_name    text not null,
  email_pan     text,
  email_plan    text,
  email_rw      text,
  email_pd      text,
  email_manager text,
  is_active     boolean default true,
  created_at    timestamptz default now(),
  updated_at    timestamptz default now()
);

create table if not exists master_supplier (
  id               bigserial primary key,
  material_name    text not null,
  material_no      text,
  plant            text references master_plant(plant_code),
  supplier_name    text not null,
  supplier_email   text,
  contract_start   date,
  contract_end     date,
  quota_percent    numeric(5,2),
  total_quota      numeric(14,2),
  remaining_quota  numeric(14,2),
  created_at       timestamptz default now(),
  updated_at       timestamptz default now()
);
create index if not exists idx_ms_plant_mat_sup on master_supplier(plant, material_name, supplier_name);

create table if not exists calloff_plan (
  id                   bigserial primary key,
  title                text,
  plant                text references master_plant(plant_code),
  material_name        text,
  supplier_name        text,
  delivery_date        date,
  quantity             numeric(14,2),
  unit                 text default 'kg',
  tank_id              text,
  target_week          text,
  status               text default 'Active',
  remark               text,
  mail_status          text default 'Pending',
  do_number            text,
  supplier_weight      numeric(14,2),
  factory_weight       numeric(14,2),
  weight_diff          numeric(14,2),
  sap_receive_weight   numeric(14,2),
  sap_doc_number       text,
  actual_delivery_date date,
  receive_status       text default 'Pending',
  created_at           timestamptz default now(),
  updated_at           timestamptz default now()
);
create index if not exists idx_cp_plant_date on calloff_plan(plant, delivery_date);
create index if not exists idx_cp_mail on calloff_plan(mail_status);
create index if not exists idx_cp_receive on calloff_plan(receive_status);
create index if not exists idx_cp_supplier on calloff_plan(supplier_name);

-- =============================================
-- STEP 2: ENABLE RLS & POLICIES
-- =============================================
alter table master_plant    enable row level security;
alter table master_supplier enable row level security;
alter table calloff_plan    enable row level security;

drop policy if exists "allow_all" on calloff_plan;
drop policy if exists "allow_all" on master_plant;
drop policy if exists "allow_all" on master_supplier;

create policy "allow_all" on calloff_plan    for all using (true) with check (true);
create policy "allow_all" on master_plant    for all using (true) with check (true);
create policy "allow_all" on master_supplier for all using (true) with check (true);

-- =============================================
-- STEP 3: INSERT master_plant
-- =============================================
insert into master_plant (plant_code, plant_name, email_pan, email_plan, email_rw, email_pd, email_manager, is_active) values ('PT', 'ปทุมธานี', 'padtaratida.s@thaibev.com; arisa.y@oishigroup.com; Chonlada.m@oishigroup.com; Phakamon.Sophonpattanakit@sermsukplc.com; supaporn.ci@thaibev.com;', 'Onsuda.Sukkachad@sermsukplc.com; Thitima.Muangthong@sermsukplc.com; Aunchalee.Kittikhunsomboon@sermsukplc.com; Arerat.Ruangthong@sermsukplc.com;', 'Santi.Ngokbungkla@sermsukplc.com; Theerayut.Wanthongkham@sermsukplc.com; Raksina.Sombun@sermsukplc.com', 'Wittaya.Pankham@sermsukplc.com; Wasana.Srikaew@sermsukplc.com; Titimaporn.Chankhao@sermsukplc.com', 'thongjerm.p@thaibev.com; Onuma.Tanakornpaibul@sermsukplc.com;', true) on conflict (plant_code) do update set plant_name=excluded.plant_name, email_pan=excluded.email_pan, email_plan=excluded.email_plan, email_rw=excluded.email_rw, email_pd=excluded.email_pd, email_manager=excluded.email_manager, is_active=excluded.is_active;
insert into master_plant (plant_code, plant_name, email_pan, email_plan, email_rw, email_pd, email_manager, is_active) values ('KR', 'นครราชสีมา', 'padtaratida.s@thaibev.com; arisa.y@oishigroup.com; Chonlada.m@oishigroup.com; Phakamon.Sophonpattanakit@sermsukplc.com; supaporn.ci@thaibev.com;', 'Onsuda.Sukkachad@sermsukplc.com; Thitima.Muangthong@sermsukplc.com; Aunchalee.Kittikhunsomboon@sermsukplc.com; Arerat.Ruangthong@sermsukplc.com;', 'Sasithorn.Thawornprawat@sermsukplc.com;', 'Phasakon.Kusaram@sermsukplc.com; Preeyaphon.Thungklang@sermsukplc.com;', NULL, true) on conflict (plant_code) do update set plant_name=excluded.plant_name, email_pan=excluded.email_pan, email_plan=excluded.email_plan, email_rw=excluded.email_rw, email_pd=excluded.email_pd, email_manager=excluded.email_manager, is_active=excluded.is_active;
insert into master_plant (plant_code, plant_name, email_pan, email_plan, email_rw, email_pd, email_manager, is_active) values ('NS', 'นครสวรรค์', 'padtaratida.s@thaibev.com; arisa.y@oishigroup.com; Chonlada.m@oishigroup.com; Phakamon.Sophonpattanakit@sermsukplc.com; supaporn.ci@thaibev.com;', 'Onsuda.Sukkachad@sermsukplc.com; Thitima.Muangthong@sermsukplc.com; Aunchalee.Kittikhunsomboon@sermsukplc.com; Arerat.Ruangthong@sermsukplc.com;', 'Tipyapas.Puwasurakul@sermsukplc.com; Phatchareeporn.Taodee@sermsukplc.com', 'Paradol.Krajew@sermsukplc.com; Nattaya.Khajornsang@sermsukplc.com', NULL, true) on conflict (plant_code) do update set plant_name=excluded.plant_name, email_pan=excluded.email_pan, email_plan=excluded.email_plan, email_rw=excluded.email_rw, email_pd=excluded.email_pd, email_manager=excluded.email_manager, is_active=excluded.is_active;
insert into master_plant (plant_code, plant_name, email_pan, email_plan, email_rw, email_pd, email_manager, is_active) values ('SR', 'สุราษฎร์ธานี', 'padtaratida.s@thaibev.com; arisa.y@oishigroup.com; Chonlada.m@oishigroup.com; Phakamon.Sophonpattanakit@sermsukplc.com; supaporn.ci@thaibev.com;', 'Onsuda.Sukkachad@sermsukplc.com; Thitima.Muangthong@sermsukplc.com; Aunchalee.Kittikhunsomboon@sermsukplc.com; Arerat.Ruangthong@sermsukplc.com;', 'Kornkanok.Ngakom@sermsukplc.com; Thanakrit.Monthong@sermsukplc.com', 'Chanchai.Nakpalat@sermsukplc.com; Chattrin.Phongsagon@sermsukplc.com', NULL, true) on conflict (plant_code) do update set plant_name=excluded.plant_name, email_pan=excluded.email_pan, email_plan=excluded.email_plan, email_rw=excluded.email_rw, email_pd=excluded.email_pd, email_manager=excluded.email_manager, is_active=excluded.is_active;
insert into master_plant (plant_code, plant_name, email_pan, email_plan, email_rw, email_pd, email_manager, is_active) values ('CH', 'ชลบุรี', 'padtaratida.s@thaibev.com; arisa.y@oishigroup.com; Chonlada.m@oishigroup.com; Phakamon.Sophonpattanakit@sermsukplc.com; supaporn.ci@thaibev.com;', 'Onsuda.Sukkachad@sermsukplc.com; Thitima.Muangthong@sermsukplc.com; Aunchalee.Kittikhunsomboon@sermsukplc.com; Arerat.Ruangthong@sermsukplc.com;', 'Sureerat.Nuansong@sermsukplc.com; Kiattisak.Soichit@sermsukplc.com; Chanphen.Kongram@sermsukplc.com;', 'Jakrawan.Thaweesub@sermsukplc.com; Jakkrit.Itngam@sermsukplc.com', NULL, true) on conflict (plant_code) do update set plant_name=excluded.plant_name, email_pan=excluded.email_pan, email_plan=excluded.email_plan, email_rw=excluded.email_rw, email_pd=excluded.email_pd, email_manager=excluded.email_manager, is_active=excluded.is_active;
insert into master_plant (plant_code, plant_name, email_pan, email_plan, email_rw, email_pd, email_manager, is_active) values ('NP', 'นครปฐม', NULL, NULL, 'Vipawadee.Chokmaksup@sermsukplc.com; Supansa.Homudom@sermsukplc.com', NULL, NULL, true) on conflict (plant_code) do update set plant_name=excluded.plant_name, email_pan=excluded.email_pan, email_plan=excluded.email_plan, email_rw=excluded.email_rw, email_pd=excluded.email_pd, email_manager=excluded.email_manager, is_active=excluded.is_active;

-- =============================================
-- STEP 4: INSERT master_supplier
-- =============================================
insert into master_supplier (material_no, plant, material_name, supplier_name, supplier_email, contract_start, contract_end, quota_percent, total_quota, remaining_quota) values ('120001687', 'PT', 'Liquid Sugar', 'แปซิฟิก ชูการ์ คอร์ปอเรชั่น', 'Nathasakm@mitrphol.com; Domestic-CS-IND@mitrphol.com', NULL, NULL, NULL, NULL, NULL);
insert into master_supplier (material_no, plant, material_name, supplier_name, supplier_email, contract_start, contract_end, quota_percent, total_quota, remaining_quota) values ('120001687', 'PT', 'Liquid Sugar', 'ไทยรุ่งเรืองอุตสาหกรรม', 'worawit.noo@trrgroup.com; supaporn.sri@trrgroup.com; duangporn.ana@trrgroup.com; norathep.kee@trrgroup.com; SalesSupport@trrgroup.com', '2026-02-01', '2026-03-31', NULL, 1750000, NULL);
insert into master_supplier (material_no, plant, material_name, supplier_name, supplier_email, contract_start, contract_end, quota_percent, total_quota, remaining_quota) values ('120001688', 'PT', 'HFS42%', 'พี.เอส.ซี.สตาร์ช โปรดักส์', 'monruedee_p@pscintergroup.com', '2026-02-01', '2026-04-30', 45, 250000, NULL);
insert into master_supplier (material_no, plant, material_name, supplier_name, supplier_email, contract_start, contract_end, quota_percent, total_quota, remaining_quota) values ('120001688', 'PT', 'HFS42%', 'บจก.เจ้าคุณเกษตรพืชผล', 'phatthra@ckapsweet.com; anongkarn@ckapsweet.com; parnpailin@ckapsweet.com', '2026-02-01', '2026-04-30', 55, 300000, NULL);
insert into master_supplier (material_no, plant, material_name, supplier_name, supplier_email, contract_start, contract_end, quota_percent, total_quota, remaining_quota) values ('120001688', 'PT', 'HFS42%', 'Purechem Co., Ltd.', NULL, NULL, NULL, NULL, NULL, NULL);
insert into master_supplier (material_no, plant, material_name, supplier_name, supplier_email, contract_start, contract_end, quota_percent, total_quota, remaining_quota) values ('120000000', 'PT', 'CO2', 'ลินเด้ (ประเทศไทย)', 'Scheduling.lg.th@linde.com; Rachayuth.Vinichbutr@linde.com; Sujitra.Amgomen@linde.com', NULL, NULL, NULL, NULL, NULL);
insert into master_supplier (material_no, plant, material_name, supplier_name, supplier_email, contract_start, contract_end, quota_percent, total_quota, remaining_quota) values ('120001474', 'PT', 'Bioligo IMO', 'บจก.เจ้าคุณเกษตรพืชผล', 'supaporn@ckapsweet.com; phatthra@ckapsweet.com', NULL, NULL, NULL, NULL, NULL);
insert into master_supplier (material_no, plant, material_name, supplier_name, supplier_email, contract_start, contract_end, quota_percent, total_quota, remaining_quota) values ('120001688', 'PT', 'HFS42%', 'WGC', 'supatra.s@wgc.co.th;', '2026-05-01', '2026-09-30', 50, NULL, NULL);

-- =============================================
-- STEP 5: INSERT calloff_plan (310 rows)
-- =============================================
insert into calloff_plan (plant, material_name, supplier_name, delivery_date, quantity, unit, tank_id, target_week, status, remark, mail_status, do_number, supplier_weight, factory_weight, weight_diff, sap_receive_weight, sap_doc_number, actual_delivery_date, receive_status) values ('PT', 'HFS42%', 'พี.เอส.ซี.สตาร์ช โปรดักส์', '2026-03-16', 30000, 'kg', NULL, NULL, 'Active', '70.8', 'Sent', '120441', 30290, 30190, 100, 30170, NULL, '2026-03-18', 'Received');
insert into calloff_plan (plant, material_name, supplier_name, delivery_date, quantity, unit, tank_id, target_week, status, remark, mail_status, do_number, supplier_weight, factory_weight, weight_diff, sap_receive_weight, sap_doc_number, actual_delivery_date, receive_status) values ('PT', 'HFS42%', 'พี.เอส.ซี.สตาร์ช โปรดักส์', '2026-04-04', 30000, 'kg', NULL, NULL, 'Active', '70.8', 'Sent', '121015', 30240, 30110, 130, 30090, NULL, '2026-04-04', 'Received');
insert into calloff_plan (plant, material_name, supplier_name, delivery_date, quantity, unit, tank_id, target_week, status, remark, mail_status, do_number, supplier_weight, factory_weight, weight_diff, sap_receive_weight, sap_doc_number, actual_delivery_date, receive_status) values ('PT', 'HFS42%', 'พี.เอส.ซี.สตาร์ช โปรดักส์', '2026-03-18', 30000, 'kg', NULL, NULL, 'Active', '70.8', 'Sent', '120530', 30470, 30410, 60, 30390, NULL, '2026-03-18', 'Received');
insert into calloff_plan (plant, material_name, supplier_name, delivery_date, quantity, unit, tank_id, target_week, status, remark, mail_status, do_number, supplier_weight, factory_weight, weight_diff, sap_receive_weight, sap_doc_number, actual_delivery_date, receive_status) values ('PT', 'HFS42%', 'พี.เอส.ซี.สตาร์ช โปรดักส์', '2026-03-17', 30000, 'kg', NULL, NULL, 'Active', '70.8', 'Sent', '120474', 30300, 30230, 70, 30210, NULL, '2026-03-18', 'Received');
insert into calloff_plan (plant, material_name, supplier_name, delivery_date, quantity, unit, tank_id, target_week, status, remark, mail_status, do_number, supplier_weight, factory_weight, weight_diff, sap_receive_weight, sap_doc_number, actual_delivery_date, receive_status) values ('PT', 'Liquid Sugar', 'ไทยรุ่งเรืองอุตสาหกรรม', '2026-03-16', 30000, 'kg', NULL, NULL, 'Active', '34.20', 'Sent', 'IVD-2603-0327', 30000, 30000, 0, 29980, NULL, '2026-03-16', 'Received');
insert into calloff_plan (plant, material_name, supplier_name, delivery_date, quantity, unit, tank_id, target_week, status, remark, mail_status, do_number, supplier_weight, factory_weight, weight_diff, sap_receive_weight, sap_doc_number, actual_delivery_date, receive_status) values ('PT', 'Liquid Sugar', 'ไทยรุ่งเรืองอุตสาหกรรม', '2026-03-16', 30000, 'kg', NULL, NULL, 'Active', '34.20', 'Sent', 'IVD-2603-0328', 30000, 30070, -70, 29980, NULL, '2026-03-17', 'Received');
insert into calloff_plan (plant, material_name, supplier_name, delivery_date, quantity, unit, tank_id, target_week, status, remark, mail_status, do_number, supplier_weight, factory_weight, weight_diff, sap_receive_weight, sap_doc_number, actual_delivery_date, receive_status) values ('PT', 'Liquid Sugar', 'ไทยรุ่งเรืองอุตสาหกรรม', '2026-03-17', 30000, 'kg', NULL, NULL, 'Active', '34.20', 'Sent', 'IVD-2603-0350', 30000, 30040, -40, 29980, NULL, '2026-03-18', 'Received');
insert into calloff_plan (plant, material_name, supplier_name, delivery_date, quantity, unit, tank_id, target_week, status, remark, mail_status, do_number, supplier_weight, factory_weight, weight_diff, sap_receive_weight, sap_doc_number, actual_delivery_date, receive_status) values ('PT', 'Liquid Sugar', 'ไทยรุ่งเรืองอุตสาหกรรม', '2026-03-17', 30000, 'kg', NULL, NULL, 'Active', '34.20', 'Sent', 'IVD-2603-0353', 30000, 30020, -20, 29980, NULL, '2026-03-18', 'Received');
insert into calloff_plan (plant, material_name, supplier_name, delivery_date, quantity, unit, tank_id, target_week, status, remark, mail_status, do_number, supplier_weight, factory_weight, weight_diff, sap_receive_weight, sap_doc_number, actual_delivery_date, receive_status) values ('PT', 'Liquid Sugar', 'ไทยรุ่งเรืองอุตสาหกรรม', '2026-03-31', 30000, 'kg', NULL, NULL, 'Active', '34.20', 'Sent', 'IVD-2603-0789', 30000, 30030, -30, 29980, NULL, '2026-03-31', 'Received');
insert into calloff_plan (plant, material_name, supplier_name, delivery_date, quantity, unit, tank_id, target_week, status, remark, mail_status, do_number, supplier_weight, factory_weight, weight_diff, sap_receive_weight, sap_doc_number, actual_delivery_date, receive_status) values ('PT', 'Liquid Sugar', 'ไทยรุ่งเรืองอุตสาหกรรม', '2026-02-09', 30000, 'kg', NULL, NULL, 'Active', NULL, 'Sent', NULL, NULL, NULL, NULL, NULL, NULL, '2026-03-10', 'Received');
insert into calloff_plan (plant, material_name, supplier_name, delivery_date, quantity, unit, tank_id, target_week, status, remark, mail_status, do_number, supplier_weight, factory_weight, weight_diff, sap_receive_weight, sap_doc_number, actual_delivery_date, receive_status) values ('PT', 'Liquid Sugar', 'ไทยรุ่งเรืองอุตสาหกรรม', '2026-02-10', 30000, 'kg', NULL, NULL, 'Active', NULL, 'Sent', NULL, NULL, NULL, NULL, NULL, NULL, NULL, 'Received');
insert into calloff_plan (plant, material_name, supplier_name, delivery_date, quantity, unit, tank_id, target_week, status, remark, mail_status, do_number, supplier_weight, factory_weight, weight_diff, sap_receive_weight, sap_doc_number, actual_delivery_date, receive_status) values ('PT', 'Liquid Sugar', 'ไทยรุ่งเรืองอุตสาหกรรม', '2026-02-11', 30000, 'kg', NULL, NULL, 'Active', NULL, 'Sent', NULL, NULL, NULL, NULL, NULL, NULL, NULL, 'Received');
insert into calloff_plan (plant, material_name, supplier_name, delivery_date, quantity, unit, tank_id, target_week, status, remark, mail_status, do_number, supplier_weight, factory_weight, weight_diff, sap_receive_weight, sap_doc_number, actual_delivery_date, receive_status) values ('PT', 'Liquid Sugar', 'ไทยรุ่งเรืองอุตสาหกรรม', '2026-02-12', 30000, 'kg', NULL, NULL, 'Active', NULL, 'Sent', NULL, NULL, NULL, NULL, NULL, NULL, NULL, 'Received');
insert into calloff_plan (plant, material_name, supplier_name, delivery_date, quantity, unit, tank_id, target_week, status, remark, mail_status, do_number, supplier_weight, factory_weight, weight_diff, sap_receive_weight, sap_doc_number, actual_delivery_date, receive_status) values ('PT', 'Liquid Sugar', 'ไทยรุ่งเรืองอุตสาหกรรม', '2026-02-13', 30000, 'kg', NULL, NULL, 'Active', NULL, 'Sent', NULL, NULL, NULL, NULL, NULL, NULL, NULL, 'Received');
insert into calloff_plan (plant, material_name, supplier_name, delivery_date, quantity, unit, tank_id, target_week, status, remark, mail_status, do_number, supplier_weight, factory_weight, weight_diff, sap_receive_weight, sap_doc_number, actual_delivery_date, receive_status) values ('PT', 'Liquid Sugar', 'ไทยรุ่งเรืองอุตสาหกรรม', '2026-02-14', 30000, 'kg', NULL, NULL, 'Active', NULL, 'Sent', NULL, NULL, NULL, NULL, NULL, NULL, NULL, 'Received');
insert into calloff_plan (plant, material_name, supplier_name, delivery_date, quantity, unit, tank_id, target_week, status, remark, mail_status, do_number, supplier_weight, factory_weight, weight_diff, sap_receive_weight, sap_doc_number, actual_delivery_date, receive_status) values ('PT', 'Liquid Sugar', 'ไทยรุ่งเรืองอุตสาหกรรม', '2026-02-16', 30000, 'kg', NULL, NULL, 'Active', NULL, 'Sent', NULL, NULL, NULL, NULL, NULL, NULL, NULL, 'Received');
insert into calloff_plan (plant, material_name, supplier_name, delivery_date, quantity, unit, tank_id, target_week, status, remark, mail_status, do_number, supplier_weight, factory_weight, weight_diff, sap_receive_weight, sap_doc_number, actual_delivery_date, receive_status) values ('PT', 'Liquid Sugar', 'ไทยรุ่งเรืองอุตสาหกรรม', '2026-02-18', 30000, 'kg', NULL, NULL, 'Active', NULL, 'Sent', NULL, NULL, NULL, NULL, NULL, NULL, NULL, 'Received');
insert into calloff_plan (plant, material_name, supplier_name, delivery_date, quantity, unit, tank_id, target_week, status, remark, mail_status, do_number, supplier_weight, factory_weight, weight_diff, sap_receive_weight, sap_doc_number, actual_delivery_date, receive_status) values ('PT', 'Liquid Sugar', 'ไทยรุ่งเรืองอุตสาหกรรม', '2026-02-19', 30000, 'kg', NULL, NULL, 'Active', NULL, 'Sent', NULL, NULL, NULL, NULL, NULL, NULL, NULL, 'Received');
insert into calloff_plan (plant, material_name, supplier_name, delivery_date, quantity, unit, tank_id, target_week, status, remark, mail_status, do_number, supplier_weight, factory_weight, weight_diff, sap_receive_weight, sap_doc_number, actual_delivery_date, receive_status) values ('PT', 'Liquid Sugar', 'ไทยรุ่งเรืองอุตสาหกรรม', '2026-02-20', 30000, 'kg', NULL, NULL, 'Active', NULL, 'Sent', NULL, NULL, NULL, NULL, NULL, NULL, NULL, 'Received');
insert into calloff_plan (plant, material_name, supplier_name, delivery_date, quantity, unit, tank_id, target_week, status, remark, mail_status, do_number, supplier_weight, factory_weight, weight_diff, sap_receive_weight, sap_doc_number, actual_delivery_date, receive_status) values ('PT', 'Liquid Sugar', 'ไทยรุ่งเรืองอุตสาหกรรม', '2026-02-21', 60000, 'kg', NULL, NULL, 'Active', NULL, 'Sent', NULL, NULL, NULL, NULL, NULL, NULL, NULL, 'Received');
insert into calloff_plan (plant, material_name, supplier_name, delivery_date, quantity, unit, tank_id, target_week, status, remark, mail_status, do_number, supplier_weight, factory_weight, weight_diff, sap_receive_weight, sap_doc_number, actual_delivery_date, receive_status) values ('PT', 'Liquid Sugar', 'ไทยรุ่งเรืองอุตสาหกรรม', '2026-02-23', 60000, 'kg', NULL, NULL, 'Active', NULL, 'Sent', NULL, NULL, NULL, NULL, NULL, NULL, NULL, 'Received');
insert into calloff_plan (plant, material_name, supplier_name, delivery_date, quantity, unit, tank_id, target_week, status, remark, mail_status, do_number, supplier_weight, factory_weight, weight_diff, sap_receive_weight, sap_doc_number, actual_delivery_date, receive_status) values ('PT', 'Liquid Sugar', 'ไทยรุ่งเรืองอุตสาหกรรม', '2026-02-24', 30000, 'kg', NULL, NULL, 'Active', NULL, 'Sent', NULL, NULL, NULL, NULL, NULL, NULL, NULL, 'Received');
insert into calloff_plan (plant, material_name, supplier_name, delivery_date, quantity, unit, tank_id, target_week, status, remark, mail_status, do_number, supplier_weight, factory_weight, weight_diff, sap_receive_weight, sap_doc_number, actual_delivery_date, receive_status) values ('PT', 'Liquid Sugar', 'ไทยรุ่งเรืองอุตสาหกรรม', '2026-02-25', 60000, 'kg', NULL, NULL, 'Active', NULL, 'Sent', NULL, NULL, NULL, NULL, NULL, NULL, NULL, 'Received');
insert into calloff_plan (plant, material_name, supplier_name, delivery_date, quantity, unit, tank_id, target_week, status, remark, mail_status, do_number, supplier_weight, factory_weight, weight_diff, sap_receive_weight, sap_doc_number, actual_delivery_date, receive_status) values ('PT', 'Liquid Sugar', 'ไทยรุ่งเรืองอุตสาหกรรม', '2026-03-18', 30000, 'kg', NULL, NULL, 'Active', '34.20', 'Sent', 'IVD-2603-0379', 30000, 29980, 20, 29980, NULL, '2026-03-18', 'Received');
insert into calloff_plan (plant, material_name, supplier_name, delivery_date, quantity, unit, tank_id, target_week, status, remark, mail_status, do_number, supplier_weight, factory_weight, weight_diff, sap_receive_weight, sap_doc_number, actual_delivery_date, receive_status) values ('PT', 'Liquid Sugar', 'ไทยรุ่งเรืองอุตสาหกรรม', '2026-03-18', 60000, 'kg', NULL, NULL, 'Active', '34.20', 'Sent', 'IVD-2603-0367', 30000, 29990, 10, 29980, NULL, '2026-03-18', 'Received');
insert into calloff_plan (plant, material_name, supplier_name, delivery_date, quantity, unit, tank_id, target_week, status, remark, mail_status, do_number, supplier_weight, factory_weight, weight_diff, sap_receive_weight, sap_doc_number, actual_delivery_date, receive_status) values ('PT', 'Liquid Sugar', 'ไทยรุ่งเรืองอุตสาหกรรม', '2026-03-14', 60000, 'kg', NULL, NULL, 'Active', '34.20', 'Sent', 'IVD-2603-0292', 30000, 30040, -40, 29980, NULL, '2026-03-16', 'Received');
insert into calloff_plan (plant, material_name, supplier_name, delivery_date, quantity, unit, tank_id, target_week, status, remark, mail_status, do_number, supplier_weight, factory_weight, weight_diff, sap_receive_weight, sap_doc_number, actual_delivery_date, receive_status) values ('PT', 'CO2', 'ลินเด้ (ประเทศไทย)', '2026-02-02', 18000, 'kg', 'ถังลินเด้ (CH0011)', NULL, 'Active', NULL, 'Sent', NULL, NULL, NULL, NULL, NULL, NULL, NULL, 'Received');
insert into calloff_plan (plant, material_name, supplier_name, delivery_date, quantity, unit, tank_id, target_week, status, remark, mail_status, do_number, supplier_weight, factory_weight, weight_diff, sap_receive_weight, sap_doc_number, actual_delivery_date, receive_status) values ('PT', 'CO2', 'ลินเด้ (ประเทศไทย)', '2026-02-05', 18000, 'kg', 'ถังแพรกซ์แอร์ (CH0111)', NULL, 'Active', NULL, 'Sent', NULL, NULL, NULL, NULL, NULL, NULL, NULL, 'Received');
insert into calloff_plan (plant, material_name, supplier_name, delivery_date, quantity, unit, tank_id, target_week, status, remark, mail_status, do_number, supplier_weight, factory_weight, weight_diff, sap_receive_weight, sap_doc_number, actual_delivery_date, receive_status) values ('PT', 'CO2', 'ลินเด้ (ประเทศไทย)', '2026-02-09', 18000, 'kg', 'ถังลินเด้ (CH0011)', NULL, 'Active', NULL, 'Sent', NULL, NULL, NULL, NULL, NULL, NULL, NULL, 'Received');
insert into calloff_plan (plant, material_name, supplier_name, delivery_date, quantity, unit, tank_id, target_week, status, remark, mail_status, do_number, supplier_weight, factory_weight, weight_diff, sap_receive_weight, sap_doc_number, actual_delivery_date, receive_status) values ('PT', 'CO2', 'ลินเด้ (ประเทศไทย)', '2026-02-12', 18000, 'kg', 'ถังแพรกซ์แอร์ (CH0111)', NULL, 'Active', NULL, 'Sent', NULL, NULL, NULL, NULL, NULL, NULL, NULL, 'Received');
insert into calloff_plan (plant, material_name, supplier_name, delivery_date, quantity, unit, tank_id, target_week, status, remark, mail_status, do_number, supplier_weight, factory_weight, weight_diff, sap_receive_weight, sap_doc_number, actual_delivery_date, receive_status) values ('PT', 'CO2', 'ลินเด้ (ประเทศไทย)', '2026-02-16', 18000, 'kg', 'ถังลินเด้ (CH0011)', NULL, 'Active', NULL, 'Sent', NULL, NULL, NULL, NULL, NULL, NULL, NULL, 'Received');
insert into calloff_plan (plant, material_name, supplier_name, delivery_date, quantity, unit, tank_id, target_week, status, remark, mail_status, do_number, supplier_weight, factory_weight, weight_diff, sap_receive_weight, sap_doc_number, actual_delivery_date, receive_status) values ('PT', 'CO2', 'ลินเด้ (ประเทศไทย)', '2026-02-19', 18000, 'kg', 'ถังแพรกซ์แอร์ (CH0111)', NULL, 'Active', NULL, 'Sent', NULL, NULL, NULL, NULL, NULL, NULL, NULL, 'Received');
insert into calloff_plan (plant, material_name, supplier_name, delivery_date, quantity, unit, tank_id, target_week, status, remark, mail_status, do_number, supplier_weight, factory_weight, weight_diff, sap_receive_weight, sap_doc_number, actual_delivery_date, receive_status) values ('PT', 'CO2', 'ลินเด้ (ประเทศไทย)', '2026-02-21', 18000, 'kg', 'ถังลินเด้ (CH0011) ', NULL, 'Active', NULL, 'Sent', NULL, NULL, NULL, NULL, NULL, NULL, NULL, 'Received');
insert into calloff_plan (plant, material_name, supplier_name, delivery_date, quantity, unit, tank_id, target_week, status, remark, mail_status, do_number, supplier_weight, factory_weight, weight_diff, sap_receive_weight, sap_doc_number, actual_delivery_date, receive_status) values ('PT', 'CO2', 'ลินเด้ (ประเทศไทย)', '2026-02-23', 18000, 'kg', 'ถังแพรกซ์แอร์ (CH0111)', NULL, 'Active', NULL, 'Sent', NULL, NULL, NULL, NULL, NULL, NULL, NULL, 'Received');
insert into calloff_plan (plant, material_name, supplier_name, delivery_date, quantity, unit, tank_id, target_week, status, remark, mail_status, do_number, supplier_weight, factory_weight, weight_diff, sap_receive_weight, sap_doc_number, actual_delivery_date, receive_status) values ('PT', 'CO2', 'ลินเด้ (ประเทศไทย)', '2026-02-26', 18000, 'kg', 'ถังลินเด้ (CH0011)  ', NULL, 'Active', NULL, 'Sent', NULL, NULL, NULL, NULL, NULL, NULL, NULL, 'Received');
insert into calloff_plan (plant, material_name, supplier_name, delivery_date, quantity, unit, tank_id, target_week, status, remark, mail_status, do_number, supplier_weight, factory_weight, weight_diff, sap_receive_weight, sap_doc_number, actual_delivery_date, receive_status) values ('PT', 'CO2', 'ลินเด้ (ประเทศไทย)', '2026-02-28', 18000, 'kg', 'ถังแพรกซ์แอร์ (CH0111)', NULL, 'Active', NULL, 'Sent', NULL, NULL, NULL, NULL, NULL, NULL, NULL, 'Received');
insert into calloff_plan (plant, material_name, supplier_name, delivery_date, quantity, unit, tank_id, target_week, status, remark, mail_status, do_number, supplier_weight, factory_weight, weight_diff, sap_receive_weight, sap_doc_number, actual_delivery_date, receive_status) values ('PT', 'Liquid Sugar', 'ไทยรุ่งเรืองอุตสาหกรรม', '2026-03-02', 30000, 'kg', NULL, NULL, 'Active', NULL, 'Sent', 'IVD-2603-0021', 30000, 30040, -40, 29980, NULL, '2026-03-02', 'Received');
insert into calloff_plan (plant, material_name, supplier_name, delivery_date, quantity, unit, tank_id, target_week, status, remark, mail_status, do_number, supplier_weight, factory_weight, weight_diff, sap_receive_weight, sap_doc_number, actual_delivery_date, receive_status) values ('PT', 'Liquid Sugar', 'ไทยรุ่งเรืองอุตสาหกรรม', '2026-03-04', 60000, 'kg', NULL, NULL, 'Active', '34.20', 'Sent', 'IVD-2603-0061', 30000, 30020, -20, 29980, NULL, '2026-03-04', 'Pending');
insert into calloff_plan (plant, material_name, supplier_name, delivery_date, quantity, unit, tank_id, target_week, status, remark, mail_status, do_number, supplier_weight, factory_weight, weight_diff, sap_receive_weight, sap_doc_number, actual_delivery_date, receive_status) values ('PT', 'Liquid Sugar', 'ไทยรุ่งเรืองอุตสาหกรรม', '2026-03-05', 30000, 'kg', NULL, NULL, 'Active', '34.20', 'Sent', 'IVD-2603-0086', 30000, 30040, -40, 29980, NULL, '2026-03-05', 'Pending');
insert into calloff_plan (plant, material_name, supplier_name, delivery_date, quantity, unit, tank_id, target_week, status, remark, mail_status, do_number, supplier_weight, factory_weight, weight_diff, sap_receive_weight, sap_doc_number, actual_delivery_date, receive_status) values ('PT', 'Liquid Sugar', 'ไทยรุ่งเรืองอุตสาหกรรม', '2026-03-06', 60000, 'kg', NULL, NULL, 'Active', '34.20', 'Sent', 'IVD-2603-0103', 30000, 30060, -60, 29980, NULL, '2026-03-06', 'Pending');
insert into calloff_plan (plant, material_name, supplier_name, delivery_date, quantity, unit, tank_id, target_week, status, remark, mail_status, do_number, supplier_weight, factory_weight, weight_diff, sap_receive_weight, sap_doc_number, actual_delivery_date, receive_status) values ('PT', 'HFS42%', 'บจก.เจ้าคุณเกษตรพืชผล', '2026-03-04', 30000, 'kg', NULL, NULL, 'Active', '70.5', 'Sent', '2358-117886', 14880, 14860, 20, 14860, NULL, '2026-03-10', 'Received');
insert into calloff_plan (plant, material_name, supplier_name, delivery_date, quantity, unit, tank_id, target_week, status, remark, mail_status, do_number, supplier_weight, factory_weight, weight_diff, sap_receive_weight, sap_doc_number, actual_delivery_date, receive_status) values ('PT', 'HFS42%', 'บจก.เจ้าคุณเกษตรพืชผล', '2026-03-04', 15000, 'kg', NULL, NULL, 'Active', '70.5', 'Sent', '2358-117885', 15300, 15250, 50, 15250, NULL, '2026-03-10', 'Pending');
insert into calloff_plan (plant, material_name, supplier_name, delivery_date, quantity, unit, tank_id, target_week, status, remark, mail_status, do_number, supplier_weight, factory_weight, weight_diff, sap_receive_weight, sap_doc_number, actual_delivery_date, receive_status) values ('PT', 'HFS42%', 'บจก.เจ้าคุณเกษตรพืชผล', '2026-03-06', 15000, 'kg', NULL, NULL, 'Active', '70.5', 'Sent', '2359-117909', 15000, 15170, -170, 14980, NULL, '2026-03-10', 'Pending');
insert into calloff_plan (plant, material_name, supplier_name, delivery_date, quantity, unit, tank_id, target_week, status, remark, mail_status, do_number, supplier_weight, factory_weight, weight_diff, sap_receive_weight, sap_doc_number, actual_delivery_date, receive_status) values ('PT', 'HFS42%', 'บจก.เจ้าคุณเกษตรพืชผล', '2026-03-07', 30000, 'kg', NULL, NULL, 'Active', '70.5', 'Sent', '2359-117923', 15040, 14980, 60, 14980, NULL, '2026-03-10', 'Pending');
insert into calloff_plan (plant, material_name, supplier_name, delivery_date, quantity, unit, tank_id, target_week, status, remark, mail_status, do_number, supplier_weight, factory_weight, weight_diff, sap_receive_weight, sap_doc_number, actual_delivery_date, receive_status) values ('PT', 'CO2', 'ลินเด้ (ประเทศไทย)', '2026-03-02', 18000, 'kg', 'ถังแพรกซ์แอร์ (CH0111)', NULL, 'Active', NULL, 'Sent', NULL, NULL, NULL, NULL, 19340, NULL, '2026-03-04', 'Pending');
insert into calloff_plan (plant, material_name, supplier_name, delivery_date, quantity, unit, tank_id, target_week, status, remark, mail_status, do_number, supplier_weight, factory_weight, weight_diff, sap_receive_weight, sap_doc_number, actual_delivery_date, receive_status) values ('PT', 'CO2', 'ลินเด้ (ประเทศไทย)', '2026-03-05', 18000, 'kg', 'ถังลินเด้ (CH0011)', NULL, 'Active', NULL, 'Sent', NULL, NULL, NULL, NULL, NULL, NULL, NULL, 'Pending');
insert into calloff_plan (plant, material_name, supplier_name, delivery_date, quantity, unit, tank_id, target_week, status, remark, mail_status, do_number, supplier_weight, factory_weight, weight_diff, sap_receive_weight, sap_doc_number, actual_delivery_date, receive_status) values ('PT', 'CO2', 'ลินเด้ (ประเทศไทย)', '2026-03-07', 18000, 'kg', 'ถังแพรกซ์แอร์ (CH0111)', NULL, 'Active', NULL, 'Sent', NULL, NULL, NULL, NULL, NULL, NULL, NULL, 'Pending');
insert into calloff_plan (plant, material_name, supplier_name, delivery_date, quantity, unit, tank_id, target_week, status, remark, mail_status, do_number, supplier_weight, factory_weight, weight_diff, sap_receive_weight, sap_doc_number, actual_delivery_date, receive_status) values ('PT', 'HFS42%', 'บจก.เจ้าคุณเกษตรพืชผล', '2026-03-10', 15000, 'kg', NULL, NULL, 'Active', '70.5', 'Sent', '117975,117957', 29810, 29720, 90, 29720, NULL, '2026-03-12', 'Pending');
insert into calloff_plan (plant, material_name, supplier_name, delivery_date, quantity, unit, tank_id, target_week, status, remark, mail_status, do_number, supplier_weight, factory_weight, weight_diff, sap_receive_weight, sap_doc_number, actual_delivery_date, receive_status) values ('PT', 'HFS42%', 'บจก.เจ้าคุณเกษตรพืชผล', '2026-03-12', 30000, 'kg', NULL, NULL, 'Active', '70.5', 'Sent', '117990', 15150, 15120, 30, 15120, NULL, '2026-03-12', 'Pending');
insert into calloff_plan (plant, material_name, supplier_name, delivery_date, quantity, unit, tank_id, target_week, status, remark, mail_status, do_number, supplier_weight, factory_weight, weight_diff, sap_receive_weight, sap_doc_number, actual_delivery_date, receive_status) values ('PT', 'HFS42%', 'บจก.เจ้าคุณเกษตรพืชผล', '2026-03-13', 15000, 'kg', NULL, NULL, 'Active', '70.5', 'Sent', '118000', 15150, 15100, 50, 15100, NULL, '2026-03-16', 'Pending');
insert into calloff_plan (plant, material_name, supplier_name, delivery_date, quantity, unit, tank_id, target_week, status, remark, mail_status, do_number, supplier_weight, factory_weight, weight_diff, sap_receive_weight, sap_doc_number, actual_delivery_date, receive_status) values ('PT', 'HFS42%', 'บจก.เจ้าคุณเกษตรพืชผล', '2026-03-14', 15000, 'kg', NULL, NULL, 'Active', '70.5', 'Sent', '118015', 15100, 15080, 20, 15080, NULL, '2026-03-16', 'Pending');
insert into calloff_plan (plant, material_name, supplier_name, delivery_date, quantity, unit, tank_id, target_week, status, remark, mail_status, do_number, supplier_weight, factory_weight, weight_diff, sap_receive_weight, sap_doc_number, actual_delivery_date, receive_status) values ('PT', 'HFS42%', 'บจก.เจ้าคุณเกษตรพืชผล', '2026-03-06', 15000, 'kg', NULL, NULL, 'Active', '70.5', 'Sent', '-2358-117897', 15220, 15170, 50, 15150, NULL, '2026-03-10', 'Pending');
insert into calloff_plan (plant, material_name, supplier_name, delivery_date, quantity, unit, tank_id, target_week, status, remark, mail_status, do_number, supplier_weight, factory_weight, weight_diff, sap_receive_weight, sap_doc_number, actual_delivery_date, receive_status) values ('PT', 'Liquid Sugar', 'ไทยรุ่งเรืองอุตสาหกรรม', '2026-03-09', 60000, 'kg', NULL, NULL, 'Active', '34.20', 'Sent', 'IVD-2603-0180', 30000, 30020, -20, 29980, NULL, '2026-03-10', 'Pending');
insert into calloff_plan (plant, material_name, supplier_name, delivery_date, quantity, unit, tank_id, target_week, status, remark, mail_status, do_number, supplier_weight, factory_weight, weight_diff, sap_receive_weight, sap_doc_number, actual_delivery_date, receive_status) values ('PT', 'Liquid Sugar', 'ไทยรุ่งเรืองอุตสาหกรรม', '2026-03-10', 30000, 'kg', NULL, NULL, 'Active', '34.20', 'Sent', 'IVD-2603-0194', 30000, 30020, -20, 29980, NULL, '2026-03-10', 'Pending');
insert into calloff_plan (plant, material_name, supplier_name, delivery_date, quantity, unit, tank_id, target_week, status, remark, mail_status, do_number, supplier_weight, factory_weight, weight_diff, sap_receive_weight, sap_doc_number, actual_delivery_date, receive_status) values ('PT', 'Liquid Sugar', 'ไทยรุ่งเรืองอุตสาหกรรม', '2026-03-11', 30000, 'kg', NULL, NULL, 'Active', '34.20', 'Sent', 'IVD-2603-0219', 30000, 30020, -20, 29980, NULL, '2026-03-11', 'Pending');
insert into calloff_plan (plant, material_name, supplier_name, delivery_date, quantity, unit, tank_id, target_week, status, remark, mail_status, do_number, supplier_weight, factory_weight, weight_diff, sap_receive_weight, sap_doc_number, actual_delivery_date, receive_status) values ('PT', 'Liquid Sugar', 'ไทยรุ่งเรืองอุตสาหกรรม', '2026-03-12', 30000, 'kg', NULL, NULL, 'Active', '34.20', 'Sent', 'IVD-2603-0260', 30000, 30000, 0, 29980, NULL, '2026-03-13', 'Pending');
insert into calloff_plan (plant, material_name, supplier_name, delivery_date, quantity, unit, tank_id, target_week, status, remark, mail_status, do_number, supplier_weight, factory_weight, weight_diff, sap_receive_weight, sap_doc_number, actual_delivery_date, receive_status) values ('PT', 'Liquid Sugar', 'ไทยรุ่งเรืองอุตสาหกรรม', '2026-03-13', 30000, 'kg', NULL, NULL, 'Active', '34.20', 'Sent', 'IVD-2603-0273', 30000, 30020, -20, 29980, NULL, '2026-03-13', 'Pending');
insert into calloff_plan (plant, material_name, supplier_name, delivery_date, quantity, unit, tank_id, target_week, status, remark, mail_status, do_number, supplier_weight, factory_weight, weight_diff, sap_receive_weight, sap_doc_number, actual_delivery_date, receive_status) values ('PT', 'Liquid Sugar', 'ไทยรุ่งเรืองอุตสาหกรรม', '2026-03-14', 30000, 'kg', NULL, NULL, 'Active', '34.20', 'Sent', 'IVD-2603-0288', 30000, 29980, 20, 29980, NULL, '2026-03-16', 'Pending');
insert into calloff_plan (plant, material_name, supplier_name, delivery_date, quantity, unit, tank_id, target_week, status, remark, mail_status, do_number, supplier_weight, factory_weight, weight_diff, sap_receive_weight, sap_doc_number, actual_delivery_date, receive_status) values ('PT', 'CO2', 'ลินเด้ (ประเทศไทย)', '2026-03-09', 18000, 'kg', 'ถังแพรกซ์แอร์ (CH0111)', NULL, 'Active', NULL, 'Sent', NULL, NULL, NULL, NULL, NULL, NULL, NULL, 'Pending');
insert into calloff_plan (plant, material_name, supplier_name, delivery_date, quantity, unit, tank_id, target_week, status, remark, mail_status, do_number, supplier_weight, factory_weight, weight_diff, sap_receive_weight, sap_doc_number, actual_delivery_date, receive_status) values ('PT', 'CO2', 'ลินเด้ (ประเทศไทย)', '2026-03-11', 18000, 'kg', 'ถังลินเด้ (CH0011)  ', NULL, 'Active', NULL, 'Sent', NULL, NULL, NULL, NULL, NULL, NULL, NULL, 'Pending');
insert into calloff_plan (plant, material_name, supplier_name, delivery_date, quantity, unit, tank_id, target_week, status, remark, mail_status, do_number, supplier_weight, factory_weight, weight_diff, sap_receive_weight, sap_doc_number, actual_delivery_date, receive_status) values ('PT', 'CO2', 'ลินเด้ (ประเทศไทย)', '2026-03-13', 18000, 'kg', 'ถังแพรกซ์แอร์ (CH0111)', NULL, 'Active', NULL, 'Sent', NULL, NULL, NULL, NULL, NULL, NULL, NULL, 'Pending');
insert into calloff_plan (plant, material_name, supplier_name, delivery_date, quantity, unit, tank_id, target_week, status, remark, mail_status, do_number, supplier_weight, factory_weight, weight_diff, sap_receive_weight, sap_doc_number, actual_delivery_date, receive_status) values ('PT', 'Liquid Sugar', 'ไทยรุ่งเรืองอุตสาหกรรม', '2026-03-07', 30000, 'kg', NULL, NULL, 'Active', '34.20', 'Sent', 'IVD-2603-0152', 30000, 29980, 20, 29980, NULL, '2026-03-10', 'Pending');
insert into calloff_plan (plant, material_name, supplier_name, delivery_date, quantity, unit, tank_id, target_week, status, remark, mail_status, do_number, supplier_weight, factory_weight, weight_diff, sap_receive_weight, sap_doc_number, actual_delivery_date, receive_status) values ('PT', 'Liquid Sugar', 'ไทยรุ่งเรืองอุตสาหกรรม', '2026-03-09', 30000, 'kg', NULL, NULL, 'Active', '34.20', 'Sent', 'IVD-2603-0174', 30000, 30010, -10, 29980, NULL, '2026-03-10', 'Pending');
insert into calloff_plan (plant, material_name, supplier_name, delivery_date, quantity, unit, tank_id, target_week, status, remark, mail_status, do_number, supplier_weight, factory_weight, weight_diff, sap_receive_weight, sap_doc_number, actual_delivery_date, receive_status) values ('PT', 'HFS42%', 'บจก.เจ้าคุณเกษตรพืชผล', '2026-03-07', 15000, 'kg', NULL, NULL, 'Active', '70.5', 'Sent', '2359-117922', 15120, 15110, 10, 15090, NULL, '2026-03-10', 'Pending');
insert into calloff_plan (plant, material_name, supplier_name, delivery_date, quantity, unit, tank_id, target_week, status, remark, mail_status, do_number, supplier_weight, factory_weight, weight_diff, sap_receive_weight, sap_doc_number, actual_delivery_date, receive_status) values ('PT', 'HFS42%', 'บจก.เจ้าคุณเกษตรพืชผล', '2026-03-09', 15000, 'kg', NULL, NULL, 'Active', '70.5', 'Sent', '117961,117962', 30040, 29940, 100, 29940, NULL, '2026-03-10', 'Pending');
insert into calloff_plan (plant, material_name, supplier_name, delivery_date, quantity, unit, tank_id, target_week, status, remark, mail_status, do_number, supplier_weight, factory_weight, weight_diff, sap_receive_weight, sap_doc_number, actual_delivery_date, receive_status) values ('PT', 'HFS42%', 'บจก.เจ้าคุณเกษตรพืชผล', '2026-03-12', 15000, 'kg', NULL, NULL, 'Active', '70.5', 'Sent', '117937', 15160, 15120, 40, 15120, NULL, '2026-03-12', 'Pending');
insert into calloff_plan (plant, material_name, supplier_name, delivery_date, quantity, unit, tank_id, target_week, status, remark, mail_status, do_number, supplier_weight, factory_weight, weight_diff, sap_receive_weight, sap_doc_number, actual_delivery_date, receive_status) values ('PT', 'HFS42%', 'พี.เอส.ซี.สตาร์ช โปรดักส์', '2026-03-26', 15000, 'kg', NULL, NULL, 'Active', '70.8', 'Sent', '120734', 30200, 30110, 90, 30110, NULL, '2026-03-29', 'Pending');
insert into calloff_plan (plant, material_name, supplier_name, delivery_date, quantity, unit, tank_id, target_week, status, remark, mail_status, do_number, supplier_weight, factory_weight, weight_diff, sap_receive_weight, sap_doc_number, actual_delivery_date, receive_status) values ('PT', 'HFS42%', 'พี.เอส.ซี.สตาร์ช โปรดักส์', '2026-03-21', 30000, 'kg', NULL, NULL, 'Active', '70.8', 'Sent', '120607', 30370, 30320, 50, 30300, NULL, '2026-03-23', 'Pending');
insert into calloff_plan (plant, material_name, supplier_name, delivery_date, quantity, unit, tank_id, target_week, status, remark, mail_status, do_number, supplier_weight, factory_weight, weight_diff, sap_receive_weight, sap_doc_number, actual_delivery_date, receive_status) values ('PT', 'HFS42%', 'พี.เอส.ซี.สตาร์ช โปรดักส์', '2026-03-20', 30000, 'kg', NULL, NULL, 'Active', '70.8', 'Sent', '120598', 30410, 30370, 40, 30350, NULL, '2026-03-20', 'Pending');
insert into calloff_plan (plant, material_name, supplier_name, delivery_date, quantity, unit, tank_id, target_week, status, remark, mail_status, do_number, supplier_weight, factory_weight, weight_diff, sap_receive_weight, sap_doc_number, actual_delivery_date, receive_status) values ('PT', 'HFS42%', 'พี.เอส.ซี.สตาร์ช โปรดักส์', '2026-03-23', 30000, 'kg', NULL, NULL, 'Active', '70.8', 'Sent', '120644', 30300, 30200, 100, 30180, NULL, '2026-03-23', 'Pending');
insert into calloff_plan (plant, material_name, supplier_name, delivery_date, quantity, unit, tank_id, target_week, status, remark, mail_status, do_number, supplier_weight, factory_weight, weight_diff, sap_receive_weight, sap_doc_number, actual_delivery_date, receive_status) values ('PT', 'HFS42%', 'พี.เอส.ซี.สตาร์ช โปรดักส์', '2026-03-25', 30000, 'kg', NULL, NULL, 'Active', '70.8', 'Sent', '120696', 30310, 30220, 90, 30200, NULL, '2026-03-25', 'Pending');
insert into calloff_plan (plant, material_name, supplier_name, delivery_date, quantity, unit, tank_id, target_week, status, remark, mail_status, do_number, supplier_weight, factory_weight, weight_diff, sap_receive_weight, sap_doc_number, actual_delivery_date, receive_status) values ('PT', 'Liquid Sugar', 'ไทยรุ่งเรืองอุตสาหกรรม', '2026-03-19', 30000, 'kg', NULL, NULL, 'Active', '34.20', 'Sent', 'IVD-2603-0391', 30000, 30030, -30, 29980, NULL, '2026-03-23', 'Pending');
insert into calloff_plan (plant, material_name, supplier_name, delivery_date, quantity, unit, tank_id, target_week, status, remark, mail_status, do_number, supplier_weight, factory_weight, weight_diff, sap_receive_weight, sap_doc_number, actual_delivery_date, receive_status) values ('PT', 'Liquid Sugar', 'ไทยรุ่งเรืองอุตสาหกรรม', '2026-03-19', 60000, 'kg', NULL, NULL, 'Active', '34.20', 'Sent', 'IVD-2603-0393', 30000, 30050, -50, 29980, NULL, '2026-03-23', 'Pending');
insert into calloff_plan (plant, material_name, supplier_name, delivery_date, quantity, unit, tank_id, target_week, status, remark, mail_status, do_number, supplier_weight, factory_weight, weight_diff, sap_receive_weight, sap_doc_number, actual_delivery_date, receive_status) values ('PT', 'Liquid Sugar', 'ไทยรุ่งเรืองอุตสาหกรรม', '2026-03-21', 60000, 'kg', NULL, NULL, 'Active', '34.20', 'Sent', 'IVD-2603-0453', 30000, 30010, -10, 29980, NULL, '2026-03-23', 'Pending');
insert into calloff_plan (plant, material_name, supplier_name, delivery_date, quantity, unit, tank_id, target_week, status, remark, mail_status, do_number, supplier_weight, factory_weight, weight_diff, sap_receive_weight, sap_doc_number, actual_delivery_date, receive_status) values ('PT', 'Liquid Sugar', 'ไทยรุ่งเรืองอุตสาหกรรม', '2026-03-20', 30000, 'kg', NULL, NULL, 'Active', '34.20', 'Sent', 'IVD-26030422', 30000, 30070, -70, 29980, NULL, '2026-03-23', 'Pending');
insert into calloff_plan (plant, material_name, supplier_name, delivery_date, quantity, unit, tank_id, target_week, status, remark, mail_status, do_number, supplier_weight, factory_weight, weight_diff, sap_receive_weight, sap_doc_number, actual_delivery_date, receive_status) values ('PT', 'Liquid Sugar', 'ไทยรุ่งเรืองอุตสาหกรรม', '2026-03-23', 60000, 'kg', NULL, NULL, 'Active', '34.20', 'Sent', 'IVD-2603-0513', 30000, 29990, 10, 29980, NULL, '2026-03-23', 'Pending');
insert into calloff_plan (plant, material_name, supplier_name, delivery_date, quantity, unit, tank_id, target_week, status, remark, mail_status, do_number, supplier_weight, factory_weight, weight_diff, sap_receive_weight, sap_doc_number, actual_delivery_date, receive_status) values ('PT', 'Liquid Sugar', 'ไทยรุ่งเรืองอุตสาหกรรม', '2026-03-21', 60000, 'kg', NULL, NULL, 'Active', '34.20', 'Sent', 'IVD-2603-0446', 30000, 30000, 0, 29980, NULL, '2026-03-23', 'Pending');
insert into calloff_plan (plant, material_name, supplier_name, delivery_date, quantity, unit, tank_id, target_week, status, remark, mail_status, do_number, supplier_weight, factory_weight, weight_diff, sap_receive_weight, sap_doc_number, actual_delivery_date, receive_status) values ('PT', 'CO2', 'ลินเด้ (ประเทศไทย)', '2026-03-16', 18000, 'kg', 'ถังแพรกซ์แอร์ (CH0111)', NULL, 'Active', NULL, 'Sent', NULL, NULL, NULL, NULL, NULL, NULL, NULL, 'Pending');
insert into calloff_plan (plant, material_name, supplier_name, delivery_date, quantity, unit, tank_id, target_week, status, remark, mail_status, do_number, supplier_weight, factory_weight, weight_diff, sap_receive_weight, sap_doc_number, actual_delivery_date, receive_status) values ('PT', 'CO2', 'ลินเด้ (ประเทศไทย)', '2026-03-17', 18000, 'kg', 'ถังลินเด้ (CH0011)  ', NULL, 'Active', NULL, 'Sent', NULL, NULL, NULL, NULL, NULL, NULL, NULL, 'Pending');
insert into calloff_plan (plant, material_name, supplier_name, delivery_date, quantity, unit, tank_id, target_week, status, remark, mail_status, do_number, supplier_weight, factory_weight, weight_diff, sap_receive_weight, sap_doc_number, actual_delivery_date, receive_status) values ('PT', 'CO2', 'ลินเด้ (ประเทศไทย)', '2026-03-19', 18000, 'kg', 'ถังแพรกซ์แอร์ (CH0111)  ', NULL, 'Active', NULL, 'Sent', NULL, NULL, NULL, NULL, NULL, NULL, NULL, 'Pending');
insert into calloff_plan (plant, material_name, supplier_name, delivery_date, quantity, unit, tank_id, target_week, status, remark, mail_status, do_number, supplier_weight, factory_weight, weight_diff, sap_receive_weight, sap_doc_number, actual_delivery_date, receive_status) values ('PT', 'CO2', 'ลินเด้ (ประเทศไทย)', '2026-03-21', 18000, 'kg', 'ถังลินเด้ (CH0011)  ', NULL, 'Active', NULL, 'Sent', NULL, NULL, NULL, NULL, NULL, NULL, NULL, 'Pending');
insert into calloff_plan (plant, material_name, supplier_name, delivery_date, quantity, unit, tank_id, target_week, status, remark, mail_status, do_number, supplier_weight, factory_weight, weight_diff, sap_receive_weight, sap_doc_number, actual_delivery_date, receive_status) values ('PT', 'CO2', 'ลินเด้ (ประเทศไทย)', '2026-03-20', 18000, 'kg', 'ถังลินเด้ (CH0011)', NULL, 'Active', NULL, 'Sent', NULL, NULL, NULL, NULL, NULL, NULL, NULL, 'Pending');
insert into calloff_plan (plant, material_name, supplier_name, delivery_date, quantity, unit, tank_id, target_week, status, remark, mail_status, do_number, supplier_weight, factory_weight, weight_diff, sap_receive_weight, sap_doc_number, actual_delivery_date, receive_status) values ('PT', 'CO2', 'ลินเด้ (ประเทศไทย)', '2026-03-21', 18000, 'kg', 'ถังแพรกซ์แอร์ (CH0111)', NULL, 'Active', NULL, 'Sent', NULL, NULL, NULL, NULL, NULL, NULL, NULL, 'Pending');
insert into calloff_plan (plant, material_name, supplier_name, delivery_date, quantity, unit, tank_id, target_week, status, remark, mail_status, do_number, supplier_weight, factory_weight, weight_diff, sap_receive_weight, sap_doc_number, actual_delivery_date, receive_status) values ('PT', 'Bioligo IMO', 'บจก.เจ้าคุณเกษตรพืชผล', '2026-04-03', 5, 'kg', NULL, NULL, 'Active', NULL, 'Sent', NULL, NULL, NULL, NULL, NULL, NULL, NULL, 'Pending');
insert into calloff_plan (plant, material_name, supplier_name, delivery_date, quantity, unit, tank_id, target_week, status, remark, mail_status, do_number, supplier_weight, factory_weight, weight_diff, sap_receive_weight, sap_doc_number, actual_delivery_date, receive_status) values ('PT', 'Bioligo IMO', 'บจก.เจ้าคุณเกษตรพืชผล', '2026-04-07', 6, 'kg', NULL, NULL, 'Active', NULL, 'Sent', NULL, NULL, NULL, NULL, NULL, NULL, NULL, 'Pending');
insert into calloff_plan (plant, material_name, supplier_name, delivery_date, quantity, unit, tank_id, target_week, status, remark, mail_status, do_number, supplier_weight, factory_weight, weight_diff, sap_receive_weight, sap_doc_number, actual_delivery_date, receive_status) values ('PT', 'Bioligo IMO', 'บจก.เจ้าคุณเกษตรพืชผล', '2026-04-10', 6, 'kg', NULL, NULL, 'Active', NULL, 'Sent', NULL, NULL, NULL, NULL, NULL, NULL, NULL, 'Pending');
insert into calloff_plan (plant, material_name, supplier_name, delivery_date, quantity, unit, tank_id, target_week, status, remark, mail_status, do_number, supplier_weight, factory_weight, weight_diff, sap_receive_weight, sap_doc_number, actual_delivery_date, receive_status) values ('PT', 'Bioligo IMO', 'บจก.เจ้าคุณเกษตรพืชผล', '2026-04-15', 5, 'kg', NULL, NULL, 'Active', NULL, 'Sent', NULL, NULL, NULL, NULL, NULL, NULL, NULL, 'Pending');
insert into calloff_plan (plant, material_name, supplier_name, delivery_date, quantity, unit, tank_id, target_week, status, remark, mail_status, do_number, supplier_weight, factory_weight, weight_diff, sap_receive_weight, sap_doc_number, actual_delivery_date, receive_status) values ('PT', 'Bioligo IMO', 'บจก.เจ้าคุณเกษตรพืชผล', '2026-04-17', 5, 'kg', NULL, NULL, 'Active', NULL, 'Sent', NULL, NULL, NULL, NULL, NULL, NULL, NULL, 'Pending');
insert into calloff_plan (plant, material_name, supplier_name, delivery_date, quantity, unit, tank_id, target_week, status, remark, mail_status, do_number, supplier_weight, factory_weight, weight_diff, sap_receive_weight, sap_doc_number, actual_delivery_date, receive_status) values ('PT', 'Bioligo IMO', 'บจก.เจ้าคุณเกษตรพืชผล', '2026-04-21', 5, 'kg', NULL, NULL, 'Active', NULL, 'Sent', NULL, NULL, NULL, NULL, NULL, NULL, NULL, 'Pending');
insert into calloff_plan (plant, material_name, supplier_name, delivery_date, quantity, unit, tank_id, target_week, status, remark, mail_status, do_number, supplier_weight, factory_weight, weight_diff, sap_receive_weight, sap_doc_number, actual_delivery_date, receive_status) values ('PT', 'Bioligo IMO', 'บจก.เจ้าคุณเกษตรพืชผล', '2026-04-24', 5, 'kg', NULL, NULL, 'Active', NULL, 'Sent', NULL, NULL, NULL, NULL, NULL, NULL, NULL, 'Pending');
insert into calloff_plan (plant, material_name, supplier_name, delivery_date, quantity, unit, tank_id, target_week, status, remark, mail_status, do_number, supplier_weight, factory_weight, weight_diff, sap_receive_weight, sap_doc_number, actual_delivery_date, receive_status) values ('PT', 'Bioligo IMO', 'บจก.เจ้าคุณเกษตรพืชผล', '2026-04-28', 5, 'kg', NULL, NULL, 'Active', NULL, 'Sent', NULL, NULL, NULL, NULL, NULL, NULL, NULL, 'Pending');
insert into calloff_plan (plant, material_name, supplier_name, delivery_date, quantity, unit, tank_id, target_week, status, remark, mail_status, do_number, supplier_weight, factory_weight, weight_diff, sap_receive_weight, sap_doc_number, actual_delivery_date, receive_status) values ('PT', 'HFS42%', 'พี.เอส.ซี.สตาร์ช โปรดักส์', '2026-03-28', 30000, 'kg', NULL, NULL, 'Active', '70.8', 'Sent', '120798', 30340, 30270, 70, 30250, NULL, '2026-03-29', 'Pending');
insert into calloff_plan (plant, material_name, supplier_name, delivery_date, quantity, unit, tank_id, target_week, status, remark, mail_status, do_number, supplier_weight, factory_weight, weight_diff, sap_receive_weight, sap_doc_number, actual_delivery_date, receive_status) values ('PT', 'HFS42%', 'พี.เอส.ซี.สตาร์ช โปรดักส์', '2026-03-30', 30000, 'kg', NULL, NULL, 'Active', '70.8', 'Sent', '120859', 30370, 30260, 110, 30240, NULL, '2026-03-30', 'Pending');
insert into calloff_plan (plant, material_name, supplier_name, delivery_date, quantity, unit, tank_id, target_week, status, remark, mail_status, do_number, supplier_weight, factory_weight, weight_diff, sap_receive_weight, sap_doc_number, actual_delivery_date, receive_status) values ('PT', 'HFS42%', 'พี.เอส.ซี.สตาร์ช โปรดักส์', '2026-03-26', 30000, 'kg', NULL, NULL, 'Active', NULL, 'Sent', NULL, NULL, NULL, NULL, NULL, NULL, NULL, 'Pending');
insert into calloff_plan (plant, material_name, supplier_name, delivery_date, quantity, unit, tank_id, target_week, status, remark, mail_status, do_number, supplier_weight, factory_weight, weight_diff, sap_receive_weight, sap_doc_number, actual_delivery_date, receive_status) values ('PT', 'HFS42%', 'พี.เอส.ซี.สตาร์ช โปรดักส์', '2026-03-28', 30000, 'kg', NULL, NULL, 'Active', NULL, 'Sent', NULL, NULL, NULL, NULL, NULL, NULL, NULL, 'Pending');
insert into calloff_plan (plant, material_name, supplier_name, delivery_date, quantity, unit, tank_id, target_week, status, remark, mail_status, do_number, supplier_weight, factory_weight, weight_diff, sap_receive_weight, sap_doc_number, actual_delivery_date, receive_status) values ('PT', 'Liquid Sugar', 'ไทยรุ่งเรืองอุตสาหกรรม', '2026-03-24', 60000, 'kg', NULL, NULL, 'Active', '34.20', 'Sent', 'IVD-2603-0557', 30000, 30000, 0, 29980, NULL, '2026-03-24', 'Pending');
insert into calloff_plan (plant, material_name, supplier_name, delivery_date, quantity, unit, tank_id, target_week, status, remark, mail_status, do_number, supplier_weight, factory_weight, weight_diff, sap_receive_weight, sap_doc_number, actual_delivery_date, receive_status) values ('PT', 'Liquid Sugar', 'ไทยรุ่งเรืองอุตสาหกรรม', '2026-03-26', 60000, 'kg', NULL, NULL, 'Active', '34.20', 'Sent', 'IVD-2603-0615', 30000, 30050, -50, 29980, NULL, '2026-03-26', 'Pending');
insert into calloff_plan (plant, material_name, supplier_name, delivery_date, quantity, unit, tank_id, target_week, status, remark, mail_status, do_number, supplier_weight, factory_weight, weight_diff, sap_receive_weight, sap_doc_number, actual_delivery_date, receive_status) values ('PT', 'Liquid Sugar', 'ไทยรุ่งเรืองอุตสาหกรรม', '2026-03-25', 30000, 'kg', NULL, NULL, 'Active', '34.20', 'Sent', 'IVD-2603-0591', 30000, 30050, -50, 29980, NULL, '2026-03-25', 'Pending');
insert into calloff_plan (plant, material_name, supplier_name, delivery_date, quantity, unit, tank_id, target_week, status, remark, mail_status, do_number, supplier_weight, factory_weight, weight_diff, sap_receive_weight, sap_doc_number, actual_delivery_date, receive_status) values ('PT', 'Liquid Sugar', 'ไทยรุ่งเรืองอุตสาหกรรม', '2026-03-27', 30000, 'kg', NULL, NULL, 'Active', '34.20', 'Sent', 'IVD-2603-0644', 30000, 30020, -20, 29980, NULL, '2026-03-29', 'Pending');
insert into calloff_plan (plant, material_name, supplier_name, delivery_date, quantity, unit, tank_id, target_week, status, remark, mail_status, do_number, supplier_weight, factory_weight, weight_diff, sap_receive_weight, sap_doc_number, actual_delivery_date, receive_status) values ('PT', 'Liquid Sugar', 'ไทยรุ่งเรืองอุตสาหกรรม', '2026-03-28', 60000, 'kg', NULL, NULL, 'Active', '34.20', 'Sent', 'IVD-2603-0692', 30000, 30000, 0, 29980, NULL, '2026-03-29', 'Pending');
insert into calloff_plan (plant, material_name, supplier_name, delivery_date, quantity, unit, tank_id, target_week, status, remark, mail_status, do_number, supplier_weight, factory_weight, weight_diff, sap_receive_weight, sap_doc_number, actual_delivery_date, receive_status) values ('PT', 'Liquid Sugar', 'ไทยรุ่งเรืองอุตสาหกรรม', '2026-03-28', 60000, 'kg', NULL, NULL, 'Active', '34.20', 'Sent', 'IVD-2603-0699', 30000, 30020, -20, 29980, NULL, '2026-03-29', 'Pending');
insert into calloff_plan (plant, material_name, supplier_name, delivery_date, quantity, unit, tank_id, target_week, status, remark, mail_status, do_number, supplier_weight, factory_weight, weight_diff, sap_receive_weight, sap_doc_number, actual_delivery_date, receive_status) values ('KR', 'HFS42%', 'พี.เอส.ซี.สตาร์ช โปรดักส์', '2026-03-26', 30000, 'kg', NULL, NULL, 'Active', NULL, 'Pending', NULL, NULL, NULL, NULL, NULL, NULL, NULL, 'Pending');
insert into calloff_plan (plant, material_name, supplier_name, delivery_date, quantity, unit, tank_id, target_week, status, remark, mail_status, do_number, supplier_weight, factory_weight, weight_diff, sap_receive_weight, sap_doc_number, actual_delivery_date, receive_status) values ('KR', 'HFS42%', 'พี.เอส.ซี.สตาร์ช โปรดักส์', '2026-03-25', 30000, 'kg', NULL, NULL, 'Active', NULL, 'Pending', NULL, NULL, NULL, NULL, NULL, NULL, NULL, 'Pending');
insert into calloff_plan (plant, material_name, supplier_name, delivery_date, quantity, unit, tank_id, target_week, status, remark, mail_status, do_number, supplier_weight, factory_weight, weight_diff, sap_receive_weight, sap_doc_number, actual_delivery_date, receive_status) values ('KR', 'HFS42%', 'พี.เอส.ซี.สตาร์ช โปรดักส์', '2026-03-25', 30000, 'kg', NULL, NULL, 'Active', NULL, 'Pending', NULL, NULL, NULL, NULL, NULL, NULL, NULL, 'Pending');
insert into calloff_plan (plant, material_name, supplier_name, delivery_date, quantity, unit, tank_id, target_week, status, remark, mail_status, do_number, supplier_weight, factory_weight, weight_diff, sap_receive_weight, sap_doc_number, actual_delivery_date, receive_status) values ('KR', 'HFS42%', 'พี.เอส.ซี.สตาร์ช โปรดักส์', '2026-03-25', 30000, 'kg', NULL, NULL, 'Active', NULL, 'Pending', NULL, NULL, NULL, NULL, NULL, NULL, NULL, 'Pending');
insert into calloff_plan (plant, material_name, supplier_name, delivery_date, quantity, unit, tank_id, target_week, status, remark, mail_status, do_number, supplier_weight, factory_weight, weight_diff, sap_receive_weight, sap_doc_number, actual_delivery_date, receive_status) values ('KR', 'HFS42%', 'พี.เอส.ซี.สตาร์ช โปรดักส์', '2026-03-25', 30000, 'kg', NULL, NULL, 'Active', NULL, 'Pending', NULL, NULL, NULL, NULL, NULL, NULL, NULL, 'Pending');
insert into calloff_plan (plant, material_name, supplier_name, delivery_date, quantity, unit, tank_id, target_week, status, remark, mail_status, do_number, supplier_weight, factory_weight, weight_diff, sap_receive_weight, sap_doc_number, actual_delivery_date, receive_status) values ('PT', 'HFS42%', 'พี.เอส.ซี.สตาร์ช โปรดักส์', NULL, NULL, 'kg', NULL, NULL, 'Active', NULL, 'Pending', NULL, NULL, NULL, NULL, NULL, NULL, '2026-03-20', 'Pending');
insert into calloff_plan (plant, material_name, supplier_name, delivery_date, quantity, unit, tank_id, target_week, status, remark, mail_status, do_number, supplier_weight, factory_weight, weight_diff, sap_receive_weight, sap_doc_number, actual_delivery_date, receive_status) values ('PT', 'HFS42%', 'พี.เอส.ซี.สตาร์ช โปรดักส์', '2026-03-19', NULL, 'kg', NULL, NULL, 'Active', NULL, 'Pending', 'IVD-2623-0391', 30000, 30050, -50, 29980, NULL, '2026-03-19', 'Pending');
insert into calloff_plan (plant, material_name, supplier_name, delivery_date, quantity, unit, tank_id, target_week, status, remark, mail_status, do_number, supplier_weight, factory_weight, weight_diff, sap_receive_weight, sap_doc_number, actual_delivery_date, receive_status) values ('PT', 'Liquid Sugar', 'แปซิฟิก ชูการ์ คอร์ปอเรชั่น', '2026-03-20', NULL, 'kg', NULL, NULL, 'Active', '34.20', 'Pending', 'IVD-2603-0422', 30000, 30070, -70, 29980, NULL, '2026-03-20', 'Pending');
insert into calloff_plan (plant, material_name, supplier_name, delivery_date, quantity, unit, tank_id, target_week, status, remark, mail_status, do_number, supplier_weight, factory_weight, weight_diff, sap_receive_weight, sap_doc_number, actual_delivery_date, receive_status) values ('PT', 'HFS42%', 'พี.เอส.ซี.สตาร์ช โปรดักส์', NULL, NULL, 'kg', NULL, NULL, 'Active', '70.8', 'Pending', '120598', 30410, 30370, 40, 30350, NULL, '2026-03-20', 'Pending');
insert into calloff_plan (plant, material_name, supplier_name, delivery_date, quantity, unit, tank_id, target_week, status, remark, mail_status, do_number, supplier_weight, factory_weight, weight_diff, sap_receive_weight, sap_doc_number, actual_delivery_date, receive_status) values ('PT', 'CO2', 'ลินเด้ (ประเทศไทย)', '2026-03-24', 18000, 'kg', 'ถังลินเด้ (CH0011)', NULL, 'Active', NULL, 'Sent', NULL, NULL, NULL, NULL, NULL, NULL, NULL, 'Pending');
insert into calloff_plan (plant, material_name, supplier_name, delivery_date, quantity, unit, tank_id, target_week, status, remark, mail_status, do_number, supplier_weight, factory_weight, weight_diff, sap_receive_weight, sap_doc_number, actual_delivery_date, receive_status) values ('PT', 'CO2', 'ลินเด้ (ประเทศไทย)', '2026-03-26', 18000, 'kg', 'ถังแพรกซ์แอร์ (CH0111)', NULL, 'Active', NULL, 'Sent', NULL, NULL, NULL, NULL, NULL, NULL, NULL, 'Pending');
insert into calloff_plan (plant, material_name, supplier_name, delivery_date, quantity, unit, tank_id, target_week, status, remark, mail_status, do_number, supplier_weight, factory_weight, weight_diff, sap_receive_weight, sap_doc_number, actual_delivery_date, receive_status) values ('PT', 'CO2', 'ลินเด้ (ประเทศไทย)', '2026-03-28', 18000, 'kg', 'ถังลินเด้ (CH0011)', NULL, 'Active', NULL, 'Sent', NULL, NULL, NULL, NULL, NULL, NULL, NULL, 'Pending');
insert into calloff_plan (plant, material_name, supplier_name, delivery_date, quantity, unit, tank_id, target_week, status, remark, mail_status, do_number, supplier_weight, factory_weight, weight_diff, sap_receive_weight, sap_doc_number, actual_delivery_date, receive_status) values ('PT', 'HFS42%', 'พี.เอส.ซี.สตาร์ช โปรดักส์', NULL, NULL, 'kg', NULL, NULL, 'Active', NULL, 'Pending', NULL, NULL, NULL, NULL, NULL, NULL, '2026-03-23', 'Pending');
insert into calloff_plan (plant, material_name, supplier_name, delivery_date, quantity, unit, tank_id, target_week, status, remark, mail_status, do_number, supplier_weight, factory_weight, weight_diff, sap_receive_weight, sap_doc_number, actual_delivery_date, receive_status) values ('PT', 'Liquid Sugar', 'แปซิฟิก ชูการ์ คอร์ปอเรชั่น', '2026-03-21', NULL, 'kg', NULL, NULL, 'Active', '34.20', 'Pending', 'IVD-2603-0446', 30000, 30000, 0, 29980, NULL, '2026-03-23', 'Pending');
insert into calloff_plan (plant, material_name, supplier_name, delivery_date, quantity, unit, tank_id, target_week, status, remark, mail_status, do_number, supplier_weight, factory_weight, weight_diff, sap_receive_weight, sap_doc_number, actual_delivery_date, receive_status) values ('PT', 'HFS42%', 'พี.เอส.ซี.สตาร์ช โปรดักส์', NULL, NULL, 'kg', NULL, NULL, 'Active', NULL, 'Pending', NULL, NULL, NULL, NULL, NULL, NULL, '2026-03-23', 'Pending');
insert into calloff_plan (plant, material_name, supplier_name, delivery_date, quantity, unit, tank_id, target_week, status, remark, mail_status, do_number, supplier_weight, factory_weight, weight_diff, sap_receive_weight, sap_doc_number, actual_delivery_date, receive_status) values ('PT', 'HFS42%', 'พี.เอส.ซี.สตาร์ช โปรดักส์', '2026-03-30', 30000, 'kg', NULL, NULL, 'Active', NULL, 'Sent', NULL, NULL, NULL, NULL, NULL, NULL, NULL, 'Pending');
insert into calloff_plan (plant, material_name, supplier_name, delivery_date, quantity, unit, tank_id, target_week, status, remark, mail_status, do_number, supplier_weight, factory_weight, weight_diff, sap_receive_weight, sap_doc_number, actual_delivery_date, receive_status) values ('PT', 'HFS42%', 'พี.เอส.ซี.สตาร์ช โปรดักส์', '2026-03-31', 30000, 'kg', NULL, NULL, 'Active', NULL, 'Sent', NULL, NULL, NULL, NULL, NULL, NULL, NULL, 'Pending');
insert into calloff_plan (plant, material_name, supplier_name, delivery_date, quantity, unit, tank_id, target_week, status, remark, mail_status, do_number, supplier_weight, factory_weight, weight_diff, sap_receive_weight, sap_doc_number, actual_delivery_date, receive_status) values ('PT', 'HFS42%', 'พี.เอส.ซี.สตาร์ช โปรดักส์', '2026-04-01', 30000, 'kg', NULL, NULL, 'Active', '70.8', 'Sent', 'IV202602736', 30270, 30180, 90, 30160, NULL, '2026-04-01', 'Pending');
insert into calloff_plan (plant, material_name, supplier_name, delivery_date, quantity, unit, tank_id, target_week, status, remark, mail_status, do_number, supplier_weight, factory_weight, weight_diff, sap_receive_weight, sap_doc_number, actual_delivery_date, receive_status) values ('PT', 'HFS42%', 'พี.เอส.ซี.สตาร์ช โปรดักส์', '2026-04-03', 30000, 'kg', NULL, NULL, 'Active', '70.8', 'Sent', 'IV202602811', 30260, 30170, 90, 30150, NULL, '2026-04-03', 'Pending');
insert into calloff_plan (plant, material_name, supplier_name, delivery_date, quantity, unit, tank_id, target_week, status, remark, mail_status, do_number, supplier_weight, factory_weight, weight_diff, sap_receive_weight, sap_doc_number, actual_delivery_date, receive_status) values ('PT', 'Liquid Sugar', 'ไทยรุ่งเรืองอุตสาหกรรม', '2026-03-30', 30000, 'kg', NULL, NULL, 'Active', '34.20', 'Sent', 'IVD-2603-0754', 30000, 29960, 40, 29980, NULL, '2026-03-30', 'Pending');
insert into calloff_plan (plant, material_name, supplier_name, delivery_date, quantity, unit, tank_id, target_week, status, remark, mail_status, do_number, supplier_weight, factory_weight, weight_diff, sap_receive_weight, sap_doc_number, actual_delivery_date, receive_status) values ('PT', 'Liquid Sugar', 'ไทยรุ่งเรืองอุตสาหกรรม', '2026-03-31', 60000, 'kg', NULL, NULL, 'Active', '34.20', 'Sent', 'IVD-2603-0783', 30000, 30010, -10, 29980, NULL, '2026-03-31', 'Pending');
insert into calloff_plan (plant, material_name, supplier_name, delivery_date, quantity, unit, tank_id, target_week, status, remark, mail_status, do_number, supplier_weight, factory_weight, weight_diff, sap_receive_weight, sap_doc_number, actual_delivery_date, receive_status) values ('PT', 'Liquid Sugar', 'แปซิฟิก ชูการ์ คอร์ปอเรชั่น', '2026-04-01', 30000, 'kg', NULL, NULL, 'Active', '67.69', 'Sent', '5361681841', 30000, 30020, -20, 29980, NULL, '2026-04-01', 'Pending');
insert into calloff_plan (plant, material_name, supplier_name, delivery_date, quantity, unit, tank_id, target_week, status, remark, mail_status, do_number, supplier_weight, factory_weight, weight_diff, sap_receive_weight, sap_doc_number, actual_delivery_date, receive_status) values ('PT', 'Liquid Sugar', 'แปซิฟิก ชูการ์ คอร์ปอเรชั่น', '2026-04-03', 60000, 'kg', NULL, NULL, 'Active', '67.69', 'Sent', '5361681822', 30000, 29970, 30, 29970, NULL, '2026-04-04', 'Pending');
insert into calloff_plan (plant, material_name, supplier_name, delivery_date, quantity, unit, tank_id, target_week, status, remark, mail_status, do_number, supplier_weight, factory_weight, weight_diff, sap_receive_weight, sap_doc_number, actual_delivery_date, receive_status) values ('PT', 'Liquid Sugar', 'แปซิฟิก ชูการ์ คอร์ปอเรชั่น', '2026-04-04', 30000, 'kg', NULL, NULL, 'Active', '67.69', 'Sent', '5361682101', 30000, 29980, 20, 29980, NULL, '2026-04-04', 'Pending');
insert into calloff_plan (plant, material_name, supplier_name, delivery_date, quantity, unit, tank_id, target_week, status, remark, mail_status, do_number, supplier_weight, factory_weight, weight_diff, sap_receive_weight, sap_doc_number, actual_delivery_date, receive_status) values ('PT', 'Liquid Sugar', 'แปซิฟิก ชูการ์ คอร์ปอเรชั่น', '2026-04-07', 30000, 'kg', NULL, NULL, 'Active', '67.69', 'Sent', '5362682381', 30000, 30000, 0, 29980, NULL, '2026-04-07', 'Pending');
insert into calloff_plan (plant, material_name, supplier_name, delivery_date, quantity, unit, tank_id, target_week, status, remark, mail_status, do_number, supplier_weight, factory_weight, weight_diff, sap_receive_weight, sap_doc_number, actual_delivery_date, receive_status) values ('PT', 'CO2', 'ลินเด้ (ประเทศไทย)', '2026-03-31', 18000, 'kg', 'ถังลินเด้ (CH0011)  ', NULL, 'Active', NULL, 'Sent', NULL, NULL, NULL, NULL, NULL, NULL, NULL, 'Pending');
insert into calloff_plan (plant, material_name, supplier_name, delivery_date, quantity, unit, tank_id, target_week, status, remark, mail_status, do_number, supplier_weight, factory_weight, weight_diff, sap_receive_weight, sap_doc_number, actual_delivery_date, receive_status) values ('PT', 'CO2', 'ลินเด้ (ประเทศไทย)', '2026-04-02', 18000, 'kg', 'ถังแพรกซ์แอร์ (CH0111)  ', NULL, 'Active', NULL, 'Sent', NULL, NULL, NULL, NULL, NULL, NULL, NULL, 'Pending');
insert into calloff_plan (plant, material_name, supplier_name, delivery_date, quantity, unit, tank_id, target_week, status, remark, mail_status, do_number, supplier_weight, factory_weight, weight_diff, sap_receive_weight, sap_doc_number, actual_delivery_date, receive_status) values ('PT', 'CO2', 'ลินเด้ (ประเทศไทย)', '2026-04-04', 18000, 'kg', 'ถังลินเด้ (CH0011)  ', NULL, 'Active', NULL, 'Sent', NULL, NULL, NULL, NULL, NULL, NULL, NULL, 'Pending');
insert into calloff_plan (plant, material_name, supplier_name, delivery_date, quantity, unit, tank_id, target_week, status, remark, mail_status, do_number, supplier_weight, factory_weight, weight_diff, sap_receive_weight, sap_doc_number, actual_delivery_date, receive_status) values ('PT', 'HFS42%', 'บจก.เจ้าคุณเกษตรพืชผล', '2026-04-10', 30000, 'kg', NULL, NULL, 'Active', '70.3', 'Sent', '1182335,118336', 29810, 29780, 30, 29780, NULL, '2026-04-10', 'Pending');
insert into calloff_plan (plant, material_name, supplier_name, delivery_date, quantity, unit, tank_id, target_week, status, remark, mail_status, do_number, supplier_weight, factory_weight, weight_diff, sap_receive_weight, sap_doc_number, actual_delivery_date, receive_status) values ('PT', 'HFS42%', 'บจก.เจ้าคุณเกษตรพืชผล', '2026-04-11', 15000, 'kg', NULL, NULL, 'Active', '67.69', 'Sent', '2367-118317', 15120, 15030, 90, 15010, NULL, '2026-04-11', 'Pending');
insert into calloff_plan (plant, material_name, supplier_name, delivery_date, quantity, unit, tank_id, target_week, status, remark, mail_status, do_number, supplier_weight, factory_weight, weight_diff, sap_receive_weight, sap_doc_number, actual_delivery_date, receive_status) values ('PT', 'HFS42%', 'บจก.เจ้าคุณเกษตรพืชผล', '2026-04-11', 30000, 'kg', NULL, NULL, 'Active', '67.69', 'Sent', '2367-118343', 15140, 15100, 40, 15080, NULL, '2026-04-11', 'Pending');
insert into calloff_plan (plant, material_name, supplier_name, delivery_date, quantity, unit, tank_id, target_week, status, remark, mail_status, do_number, supplier_weight, factory_weight, weight_diff, sap_receive_weight, sap_doc_number, actual_delivery_date, receive_status) values ('PT', 'HFS42%', 'บจก.เจ้าคุณเกษตรพืชผล', '2026-04-11', 30000, 'kg', NULL, NULL, 'Active', '67.69', 'Sent', '2367-118345', 15240, 15200, 40, 15180, NULL, '2026-04-11', 'Pending');
insert into calloff_plan (plant, material_name, supplier_name, delivery_date, quantity, unit, tank_id, target_week, status, remark, mail_status, do_number, supplier_weight, factory_weight, weight_diff, sap_receive_weight, sap_doc_number, actual_delivery_date, receive_status) values ('PT', 'HFS42%', 'บจก.เจ้าคุณเกษตรพืชผล', '2026-04-15', 15000, 'kg', NULL, NULL, 'Active', '70.3', 'Sent', '2367-118348,2367-118349', 30000, 29950, 50, 29910, NULL, '2026-04-15', 'Pending');
insert into calloff_plan (plant, material_name, supplier_name, delivery_date, quantity, unit, tank_id, target_week, status, remark, mail_status, do_number, supplier_weight, factory_weight, weight_diff, sap_receive_weight, sap_doc_number, actual_delivery_date, receive_status) values ('PT', 'Liquid Sugar', 'แปซิฟิก ชูการ์ คอร์ปอเรชั่น', '2026-04-07', 60000, 'kg', NULL, NULL, 'Active', '67.69', 'Sent', '5362682383', 30000, 29980, 20, 29980, NULL, '2026-04-07', 'Pending');
insert into calloff_plan (plant, material_name, supplier_name, delivery_date, quantity, unit, tank_id, target_week, status, remark, mail_status, do_number, supplier_weight, factory_weight, weight_diff, sap_receive_weight, sap_doc_number, actual_delivery_date, receive_status) values ('PT', 'Liquid Sugar', 'แปซิฟิก ชูการ์ คอร์ปอเรชั่น', '2026-04-08', 30000, 'kg', NULL, NULL, 'Active', '67.69', 'Sent', '5361682489', 30000, 29980, 20, 29980, NULL, '2026-04-08', 'Pending');
insert into calloff_plan (plant, material_name, supplier_name, delivery_date, quantity, unit, tank_id, target_week, status, remark, mail_status, do_number, supplier_weight, factory_weight, weight_diff, sap_receive_weight, sap_doc_number, actual_delivery_date, receive_status) values ('PT', 'Liquid Sugar', 'แปซิฟิก ชูการ์ คอร์ปอเรชั่น', '2026-04-09', 30000, 'kg', NULL, NULL, 'Active', '67.69', 'Sent', '5361682662', 30000, 29970, 30, 29970, NULL, '2026-04-12', 'Pending');
insert into calloff_plan (plant, material_name, supplier_name, delivery_date, quantity, unit, tank_id, target_week, status, remark, mail_status, do_number, supplier_weight, factory_weight, weight_diff, sap_receive_weight, sap_doc_number, actual_delivery_date, receive_status) values ('PT', 'Liquid Sugar', 'แปซิฟิก ชูการ์ คอร์ปอเรชั่น', '2026-04-11', 30000, 'kg', NULL, NULL, 'Active', '67.77', 'Sent', '5361682829', 30000, 29980, 20, 29980, NULL, '2026-04-11', 'Pending');
insert into calloff_plan (plant, material_name, supplier_name, delivery_date, quantity, unit, tank_id, target_week, status, remark, mail_status, do_number, supplier_weight, factory_weight, weight_diff, sap_receive_weight, sap_doc_number, actual_delivery_date, receive_status) values ('PT', 'Liquid Sugar', 'แปซิฟิก ชูการ์ คอร์ปอเรชั่น', '2026-04-10', 60000, 'kg', NULL, NULL, 'Active', '67.77', 'Sent', '5316182698', 30000, 29990, 10, 29980, NULL, '2026-04-10', 'Pending');
insert into calloff_plan (plant, material_name, supplier_name, delivery_date, quantity, unit, tank_id, target_week, status, remark, mail_status, do_number, supplier_weight, factory_weight, weight_diff, sap_receive_weight, sap_doc_number, actual_delivery_date, receive_status) values ('PT', 'CO2', 'ลินเด้ (ประเทศไทย)', '2026-04-07', 18000, 'kg', 'ถังลินเด้ (CH0011)  ', NULL, 'Active', NULL, 'Sent', NULL, NULL, NULL, NULL, NULL, NULL, NULL, 'Pending');
insert into calloff_plan (plant, material_name, supplier_name, delivery_date, quantity, unit, tank_id, target_week, status, remark, mail_status, do_number, supplier_weight, factory_weight, weight_diff, sap_receive_weight, sap_doc_number, actual_delivery_date, receive_status) values ('PT', 'CO2', 'ลินเด้ (ประเทศไทย)', '2026-04-09', 18000, 'kg', 'ถังแพรกซ์แอร์ (CH0111) ', NULL, 'Active', NULL, 'Sent', NULL, NULL, NULL, NULL, NULL, NULL, NULL, 'Pending');
insert into calloff_plan (plant, material_name, supplier_name, delivery_date, quantity, unit, tank_id, target_week, status, remark, mail_status, do_number, supplier_weight, factory_weight, weight_diff, sap_receive_weight, sap_doc_number, actual_delivery_date, receive_status) values ('PT', 'CO2', 'ลินเด้ (ประเทศไทย)', '2026-04-10', 18000, 'kg', 'ถังแพรกซ์แอร์ (CH0112) ', NULL, 'Active', NULL, 'Sent', NULL, NULL, NULL, NULL, NULL, NULL, NULL, 'Pending');
insert into calloff_plan (plant, material_name, supplier_name, delivery_date, quantity, unit, tank_id, target_week, status, remark, mail_status, do_number, supplier_weight, factory_weight, weight_diff, sap_receive_weight, sap_doc_number, actual_delivery_date, receive_status) values ('PT', 'CO2', 'ลินเด้ (ประเทศไทย)', '2026-04-11', 18000, 'kg', 'ถังลินเด้ (CH0011)  ', NULL, 'Active', NULL, 'Sent', NULL, NULL, NULL, NULL, NULL, NULL, NULL, 'Pending');
insert into calloff_plan (plant, material_name, supplier_name, delivery_date, quantity, unit, tank_id, target_week, status, remark, mail_status, do_number, supplier_weight, factory_weight, weight_diff, sap_receive_weight, sap_doc_number, actual_delivery_date, receive_status) values ('PT', 'HFS42%', 'บจก.เจ้าคุณเกษตรพืชผล', '2026-04-18', 30000, 'kg', NULL, NULL, 'Active', '70.3', 'Sent', '2368-118388', 15270, 15220, 50, 15200, NULL, '2026-04-18', 'Pending');
insert into calloff_plan (plant, material_name, supplier_name, delivery_date, quantity, unit, tank_id, target_week, status, remark, mail_status, do_number, supplier_weight, factory_weight, weight_diff, sap_receive_weight, sap_doc_number, actual_delivery_date, receive_status) values ('PT', 'HFS42%', 'บจก.เจ้าคุณเกษตรพืชผล', '2026-04-16', 15000, 'kg', NULL, NULL, 'Active', '70.3', 'Sent', '2368-118357', 15230, 15180, 50, 15160, NULL, '2026-04-16', 'Pending');
insert into calloff_plan (plant, material_name, supplier_name, delivery_date, quantity, unit, tank_id, target_week, status, remark, mail_status, do_number, supplier_weight, factory_weight, weight_diff, sap_receive_weight, sap_doc_number, actual_delivery_date, receive_status) values ('PT', 'HFS42%', 'บจก.เจ้าคุณเกษตรพืชผล', '2026-04-18', 30000, 'kg', NULL, NULL, 'Active', '70.3', 'Sent', '2368-118389', 15240, 15200, 40, 15180, NULL, '2026-04-18', 'Pending');
insert into calloff_plan (plant, material_name, supplier_name, delivery_date, quantity, unit, tank_id, target_week, status, remark, mail_status, do_number, supplier_weight, factory_weight, weight_diff, sap_receive_weight, sap_doc_number, actual_delivery_date, receive_status) values ('PT', 'Liquid Sugar', 'แปซิฟิก ชูการ์ คอร์ปอเรชั่น', '2026-04-11', 60000, 'kg', NULL, NULL, 'Active', '67.77', 'Sent', '5361682847', 30000, 29970, 30, 29980, NULL, '2026-04-11', 'Pending');
insert into calloff_plan (plant, material_name, supplier_name, delivery_date, quantity, unit, tank_id, target_week, status, remark, mail_status, do_number, supplier_weight, factory_weight, weight_diff, sap_receive_weight, sap_doc_number, actual_delivery_date, receive_status) values ('PT', 'Liquid Sugar', 'แปซิฟิก ชูการ์ คอร์ปอเรชั่น', '2026-04-16', 60000, 'kg', NULL, NULL, 'Active', '67.72', 'Sent', '5361682934', 30000, 29970, 30, 29980, NULL, '2026-04-15', 'Pending');
insert into calloff_plan (plant, material_name, supplier_name, delivery_date, quantity, unit, tank_id, target_week, status, remark, mail_status, do_number, supplier_weight, factory_weight, weight_diff, sap_receive_weight, sap_doc_number, actual_delivery_date, receive_status) values ('PT', 'Liquid Sugar', 'แปซิฟิก ชูการ์ คอร์ปอเรชั่น', '2026-04-18', 60000, 'kg', NULL, NULL, 'Active', '67.69', 'Sent', '5361683080', 30000, 29920, 80, 29920, NULL, '2026-04-20', 'Pending');
insert into calloff_plan (plant, material_name, supplier_name, delivery_date, quantity, unit, tank_id, target_week, status, remark, mail_status, do_number, supplier_weight, factory_weight, weight_diff, sap_receive_weight, sap_doc_number, actual_delivery_date, receive_status) values ('PT', 'Liquid Sugar', 'แปซิฟิก ชูการ์ คอร์ปอเรชั่น', '2026-04-18', 60000, 'kg', NULL, NULL, 'Active', '67.69', 'Sent', '5361683147', 30000, 29990, 10, 29980, NULL, '2026-04-18', 'Pending');
insert into calloff_plan (plant, material_name, supplier_name, delivery_date, quantity, unit, tank_id, target_week, status, remark, mail_status, do_number, supplier_weight, factory_weight, weight_diff, sap_receive_weight, sap_doc_number, actual_delivery_date, receive_status) values ('PT', 'CO2', 'ลินเด้ (ประเทศไทย)', '2026-04-15', 18000, 'kg', 'แพรกซ์แอร์ (CH0111)  ', NULL, 'Active', NULL, 'Sent', NULL, NULL, NULL, NULL, NULL, NULL, NULL, 'Pending');
insert into calloff_plan (plant, material_name, supplier_name, delivery_date, quantity, unit, tank_id, target_week, status, remark, mail_status, do_number, supplier_weight, factory_weight, weight_diff, sap_receive_weight, sap_doc_number, actual_delivery_date, receive_status) values ('PT', 'CO2', 'ลินเด้ (ประเทศไทย)', '2026-04-17', 18000, 'kg', ' ถังลินเด้ (CH0011)  ', NULL, 'Active', NULL, 'Sent', NULL, NULL, NULL, NULL, NULL, NULL, NULL, 'Pending');
insert into calloff_plan (plant, material_name, supplier_name, delivery_date, quantity, unit, tank_id, target_week, status, remark, mail_status, do_number, supplier_weight, factory_weight, weight_diff, sap_receive_weight, sap_doc_number, actual_delivery_date, receive_status) values ('PT', 'HFS42%', 'บจก.เจ้าคุณเกษตรพืชผล', '2026-04-20', 30000, 'kg', NULL, NULL, 'Active', '70.3', 'Sent', '2369-118409,118410', 30030, 29910, 120, 29870, NULL, '2026-04-20', 'Pending');
insert into calloff_plan (plant, material_name, supplier_name, delivery_date, quantity, unit, tank_id, target_week, status, remark, mail_status, do_number, supplier_weight, factory_weight, weight_diff, sap_receive_weight, sap_doc_number, actual_delivery_date, receive_status) values ('PT', 'HFS42%', 'บจก.เจ้าคุณเกษตรพืชผล', '2026-04-21', 15000, 'kg', NULL, NULL, 'Active', '70.3', 'Sent', '2369-118426', 15280, 15250, 30, 15230, NULL, '2026-04-21', 'Pending');
insert into calloff_plan (plant, material_name, supplier_name, delivery_date, quantity, unit, tank_id, target_week, status, remark, mail_status, do_number, supplier_weight, factory_weight, weight_diff, sap_receive_weight, sap_doc_number, actual_delivery_date, receive_status) values ('PT', 'HFS42%', 'บจก.เจ้าคุณเกษตรพืชผล', '2026-04-22', 15000, 'kg', NULL, NULL, 'Active', '70.3', 'Sent', '2369-118440', 15250, 15170, 80, 15150, NULL, '2026-04-22', 'Pending');
insert into calloff_plan (plant, material_name, supplier_name, delivery_date, quantity, unit, tank_id, target_week, status, remark, mail_status, do_number, supplier_weight, factory_weight, weight_diff, sap_receive_weight, sap_doc_number, actual_delivery_date, receive_status) values ('PT', 'HFS42%', 'บจก.เจ้าคุณเกษตรพืชผล', '2026-04-17', 15000, 'kg', NULL, NULL, 'Active', '70.3', 'Sent', '2368-118394', 15160, 15120, 40, 15100, NULL, '2026-04-17', 'Pending');
insert into calloff_plan (plant, material_name, supplier_name, delivery_date, quantity, unit, tank_id, target_week, status, remark, mail_status, do_number, supplier_weight, factory_weight, weight_diff, sap_receive_weight, sap_doc_number, actual_delivery_date, receive_status) values ('PT', 'HFS42%', 'บจก.เจ้าคุณเกษตรพืชผล', '2026-04-23', 30000, 'kg', NULL, NULL, 'Active', '70.3', 'Sent', '2370-118460', 15220, 15160, 60, 15140, NULL, '2026-04-23', 'Pending');
insert into calloff_plan (plant, material_name, supplier_name, delivery_date, quantity, unit, tank_id, target_week, status, remark, mail_status, do_number, supplier_weight, factory_weight, weight_diff, sap_receive_weight, sap_doc_number, actual_delivery_date, receive_status) values ('PT', 'HFS42%', 'บจก.เจ้าคุณเกษตรพืชผล', '2026-04-23', 15000, 'kg', NULL, NULL, 'Active', '70.3', 'Sent', '2370-118479', 15230, 15190, 40, 15170, NULL, '2026-04-23', 'Pending');
insert into calloff_plan (plant, material_name, supplier_name, delivery_date, quantity, unit, tank_id, target_week, status, remark, mail_status, do_number, supplier_weight, factory_weight, weight_diff, sap_receive_weight, sap_doc_number, actual_delivery_date, receive_status) values ('PT', 'Liquid Sugar', 'แปซิฟิก ชูการ์ คอร์ปอเรชั่น', '2026-04-20', 60000, 'kg', NULL, NULL, 'Active', '67.69', 'Sent', '5361683324', 30000, 29940, 60, 29980, NULL, '2026-04-20', 'Pending');
insert into calloff_plan (plant, material_name, supplier_name, delivery_date, quantity, unit, tank_id, target_week, status, remark, mail_status, do_number, supplier_weight, factory_weight, weight_diff, sap_receive_weight, sap_doc_number, actual_delivery_date, receive_status) values ('PT', 'Liquid Sugar', 'แปซิฟิก ชูการ์ คอร์ปอเรชั่น', '2026-04-20', 30000, 'kg', NULL, NULL, 'Active', '67.69', 'Sent', '5361683336', 30000, 29970, 30, 29980, NULL, '2026-04-20', 'Pending');
insert into calloff_plan (plant, material_name, supplier_name, delivery_date, quantity, unit, tank_id, target_week, status, remark, mail_status, do_number, supplier_weight, factory_weight, weight_diff, sap_receive_weight, sap_doc_number, actual_delivery_date, receive_status) values ('PT', 'Liquid Sugar', 'แปซิฟิก ชูการ์ คอร์ปอเรชั่น', '2026-04-21', 30000, 'kg', NULL, NULL, 'Active', '67.61', 'Sent', '5361683453', 30000, 29970, 30, 29980, NULL, '2026-04-21', 'Pending');
insert into calloff_plan (plant, material_name, supplier_name, delivery_date, quantity, unit, tank_id, target_week, status, remark, mail_status, do_number, supplier_weight, factory_weight, weight_diff, sap_receive_weight, sap_doc_number, actual_delivery_date, receive_status) values ('PT', 'Liquid Sugar', 'แปซิฟิก ชูการ์ คอร์ปอเรชั่น', '2026-04-22', 30000, 'kg', NULL, NULL, 'Active', '67.57', 'Sent', '5361633543', 30000, 29990, 10, 29980, NULL, '2026-04-22', 'Pending');
insert into calloff_plan (plant, material_name, supplier_name, delivery_date, quantity, unit, tank_id, target_week, status, remark, mail_status, do_number, supplier_weight, factory_weight, weight_diff, sap_receive_weight, sap_doc_number, actual_delivery_date, receive_status) values ('PT', 'Liquid Sugar', 'แปซิฟิก ชูการ์ คอร์ปอเรชั่น', '2026-04-17', 60000, 'kg', NULL, NULL, 'Active', '67.64', 'Sent', '5361683060', 30000, 29960, 40, 29980, NULL, '2026-04-17', 'Pending');
insert into calloff_plan (plant, material_name, supplier_name, delivery_date, quantity, unit, tank_id, target_week, status, remark, mail_status, do_number, supplier_weight, factory_weight, weight_diff, sap_receive_weight, sap_doc_number, actual_delivery_date, receive_status) values ('PT', 'Liquid Sugar', 'แปซิฟิก ชูการ์ คอร์ปอเรชั่น', '2026-04-16', 60000, 'kg', NULL, NULL, 'Active', '67.35', 'Sent', '5361683022', 30000, 29920, 80, 29980, NULL, '2026-04-16', 'Pending');
insert into calloff_plan (plant, material_name, supplier_name, delivery_date, quantity, unit, tank_id, target_week, status, remark, mail_status, do_number, supplier_weight, factory_weight, weight_diff, sap_receive_weight, sap_doc_number, actual_delivery_date, receive_status) values ('PT', 'CO2', 'ลินเด้ (ประเทศไทย)', '2026-04-20', 18000, 'kg', 'ถังแพรกซ์แอร์ (PCH0111) ', NULL, 'Active', NULL, 'Sent', NULL, NULL, NULL, NULL, NULL, NULL, NULL, 'Pending');
insert into calloff_plan (plant, material_name, supplier_name, delivery_date, quantity, unit, tank_id, target_week, status, remark, mail_status, do_number, supplier_weight, factory_weight, weight_diff, sap_receive_weight, sap_doc_number, actual_delivery_date, receive_status) values ('PT', 'CO2', 'ลินเด้ (ประเทศไทย)', '2026-04-22', 18000, 'kg', 'ถังลินเด้ (CH0011)  ', NULL, 'Active', NULL, 'Sent', NULL, NULL, NULL, NULL, NULL, NULL, NULL, 'Pending');
insert into calloff_plan (plant, material_name, supplier_name, delivery_date, quantity, unit, tank_id, target_week, status, remark, mail_status, do_number, supplier_weight, factory_weight, weight_diff, sap_receive_weight, sap_doc_number, actual_delivery_date, receive_status) values ('PT', 'CO2', 'ลินเด้ (ประเทศไทย)', '2026-04-24', 18000, 'kg', 'ถังแพรกซ์แอร์ (PCH0111)   ', NULL, 'Active', NULL, 'Sent', NULL, NULL, NULL, NULL, NULL, NULL, NULL, 'Pending');
insert into calloff_plan (plant, material_name, supplier_name, delivery_date, quantity, unit, tank_id, target_week, status, remark, mail_status, do_number, supplier_weight, factory_weight, weight_diff, sap_receive_weight, sap_doc_number, actual_delivery_date, receive_status) values ('PT', 'Bioligo IMO', 'บจก.เจ้าคุณเกษตรพืชผล', '2026-05-05', 5, 'kg', NULL, NULL, 'Active', NULL, 'Sent', NULL, NULL, NULL, NULL, NULL, NULL, NULL, 'Pending');
insert into calloff_plan (plant, material_name, supplier_name, delivery_date, quantity, unit, tank_id, target_week, status, remark, mail_status, do_number, supplier_weight, factory_weight, weight_diff, sap_receive_weight, sap_doc_number, actual_delivery_date, receive_status) values ('PT', 'Bioligo IMO', 'บจก.เจ้าคุณเกษตรพืชผล', '2026-05-07', 5, 'kg', NULL, NULL, 'Active', NULL, 'Sent', NULL, NULL, NULL, NULL, NULL, NULL, NULL, 'Pending');
insert into calloff_plan (plant, material_name, supplier_name, delivery_date, quantity, unit, tank_id, target_week, status, remark, mail_status, do_number, supplier_weight, factory_weight, weight_diff, sap_receive_weight, sap_doc_number, actual_delivery_date, receive_status) values ('PT', 'Bioligo IMO', 'บจก.เจ้าคุณเกษตรพืชผล', '2026-05-12', 5, 'kg', NULL, NULL, 'Active', NULL, 'Sent', NULL, NULL, NULL, NULL, NULL, NULL, NULL, 'Pending');
insert into calloff_plan (plant, material_name, supplier_name, delivery_date, quantity, unit, tank_id, target_week, status, remark, mail_status, do_number, supplier_weight, factory_weight, weight_diff, sap_receive_weight, sap_doc_number, actual_delivery_date, receive_status) values ('PT', 'Bioligo IMO', 'บจก.เจ้าคุณเกษตรพืชผล', '2026-05-14', 5, 'kg', NULL, NULL, 'Active', NULL, 'Sent', NULL, NULL, NULL, NULL, NULL, NULL, NULL, 'Pending');
insert into calloff_plan (plant, material_name, supplier_name, delivery_date, quantity, unit, tank_id, target_week, status, remark, mail_status, do_number, supplier_weight, factory_weight, weight_diff, sap_receive_weight, sap_doc_number, actual_delivery_date, receive_status) values ('PT', 'Bioligo IMO', 'บจก.เจ้าคุณเกษตรพืชผล', '2026-05-18', 5, 'kg', NULL, NULL, 'Active', NULL, 'Sent', NULL, NULL, NULL, NULL, NULL, NULL, NULL, 'Pending');
insert into calloff_plan (plant, material_name, supplier_name, delivery_date, quantity, unit, tank_id, target_week, status, remark, mail_status, do_number, supplier_weight, factory_weight, weight_diff, sap_receive_weight, sap_doc_number, actual_delivery_date, receive_status) values ('PT', 'Bioligo IMO', 'บจก.เจ้าคุณเกษตรพืชผล', '2026-05-20', 5, 'kg', NULL, NULL, 'Active', NULL, 'Sent', NULL, NULL, NULL, NULL, NULL, NULL, NULL, 'Pending');
insert into calloff_plan (plant, material_name, supplier_name, delivery_date, quantity, unit, tank_id, target_week, status, remark, mail_status, do_number, supplier_weight, factory_weight, weight_diff, sap_receive_weight, sap_doc_number, actual_delivery_date, receive_status) values ('PT', 'Bioligo IMO', 'บจก.เจ้าคุณเกษตรพืชผล', '2026-05-25', 5, 'kg', NULL, NULL, 'Active', NULL, 'Sent', NULL, NULL, NULL, NULL, NULL, NULL, NULL, 'Pending');
insert into calloff_plan (plant, material_name, supplier_name, delivery_date, quantity, unit, tank_id, target_week, status, remark, mail_status, do_number, supplier_weight, factory_weight, weight_diff, sap_receive_weight, sap_doc_number, actual_delivery_date, receive_status) values ('PT', 'Bioligo IMO', 'บจก.เจ้าคุณเกษตรพืชผล', '2026-05-27', 5, 'kg', NULL, NULL, 'Active', NULL, 'Sent', NULL, NULL, NULL, NULL, NULL, NULL, NULL, 'Pending');
insert into calloff_plan (plant, material_name, supplier_name, delivery_date, quantity, unit, tank_id, target_week, status, remark, mail_status, do_number, supplier_weight, factory_weight, weight_diff, sap_receive_weight, sap_doc_number, actual_delivery_date, receive_status) values ('PT', 'HFS42%', 'บจก.เจ้าคุณเกษตรพืชผล', '2026-04-20', 30000, 'kg', NULL, NULL, 'Canceled', NULL, 'Pending', NULL, NULL, NULL, NULL, NULL, NULL, NULL, 'Pending');
insert into calloff_plan (plant, material_name, supplier_name, delivery_date, quantity, unit, tank_id, target_week, status, remark, mail_status, do_number, supplier_weight, factory_weight, weight_diff, sap_receive_weight, sap_doc_number, actual_delivery_date, receive_status) values ('PT', 'HFS42%', 'บจก.เจ้าคุณเกษตรพืชผล', '2026-04-21', 15000, 'kg', NULL, NULL, 'Canceled', NULL, 'Pending', NULL, NULL, NULL, NULL, NULL, NULL, NULL, 'Pending');
insert into calloff_plan (plant, material_name, supplier_name, delivery_date, quantity, unit, tank_id, target_week, status, remark, mail_status, do_number, supplier_weight, factory_weight, weight_diff, sap_receive_weight, sap_doc_number, actual_delivery_date, receive_status) values ('PT', 'HFS42%', 'บจก.เจ้าคุณเกษตรพืชผล', '2026-04-22', 15000, 'kg', NULL, NULL, 'Canceled', NULL, 'Pending', NULL, NULL, NULL, NULL, NULL, NULL, NULL, 'Pending');
insert into calloff_plan (plant, material_name, supplier_name, delivery_date, quantity, unit, tank_id, target_week, status, remark, mail_status, do_number, supplier_weight, factory_weight, weight_diff, sap_receive_weight, sap_doc_number, actual_delivery_date, receive_status) values ('PT', 'HFS42%', 'บจก.เจ้าคุณเกษตรพืชผล', '2026-04-23', 15000, 'kg', NULL, NULL, 'Canceled', NULL, 'Pending', NULL, NULL, NULL, NULL, NULL, NULL, NULL, 'Pending');
insert into calloff_plan (plant, material_name, supplier_name, delivery_date, quantity, unit, tank_id, target_week, status, remark, mail_status, do_number, supplier_weight, factory_weight, weight_diff, sap_receive_weight, sap_doc_number, actual_delivery_date, receive_status) values ('PT', 'HFS42%', 'บจก.เจ้าคุณเกษตรพืชผล', '2026-04-24', 30000, 'kg', NULL, NULL, 'Canceled', NULL, 'Pending', NULL, NULL, NULL, NULL, NULL, NULL, NULL, 'Pending');
insert into calloff_plan (plant, material_name, supplier_name, delivery_date, quantity, unit, tank_id, target_week, status, remark, mail_status, do_number, supplier_weight, factory_weight, weight_diff, sap_receive_weight, sap_doc_number, actual_delivery_date, receive_status) values ('PT', 'HFS42%', 'บจก.เจ้าคุณเกษตรพืชผล', '2026-04-25', 15000, 'kg', NULL, NULL, 'Canceled', NULL, 'Pending', NULL, NULL, NULL, NULL, NULL, NULL, NULL, 'Pending');
insert into calloff_plan (plant, material_name, supplier_name, delivery_date, quantity, unit, tank_id, target_week, status, remark, mail_status, do_number, supplier_weight, factory_weight, weight_diff, sap_receive_weight, sap_doc_number, actual_delivery_date, receive_status) values ('PT', 'HFS42%', 'บจก.เจ้าคุณเกษตรพืชผล', '2026-04-24', 30000, 'kg', NULL, NULL, 'Active', '70.3', 'Sent', '2370-118472', 14680, 14640, 40, 14620, NULL, '2026-04-24', 'Pending');
insert into calloff_plan (plant, material_name, supplier_name, delivery_date, quantity, unit, tank_id, target_week, status, remark, mail_status, do_number, supplier_weight, factory_weight, weight_diff, sap_receive_weight, sap_doc_number, actual_delivery_date, receive_status) values ('PT', 'HFS42%', 'บจก.เจ้าคุณเกษตรพืชผล', '2026-04-25', 30000, 'kg', NULL, NULL, 'Active', '70.3', 'Sent', '2370-118490', 15170, 15130, 40, 15130, NULL, '2026-04-25', 'Pending');
insert into calloff_plan (plant, material_name, supplier_name, delivery_date, quantity, unit, tank_id, target_week, status, remark, mail_status, do_number, supplier_weight, factory_weight, weight_diff, sap_receive_weight, sap_doc_number, actual_delivery_date, receive_status) values ('PT', 'HFS42%', 'พี.เอส.ซี.สตาร์ช โปรดักส์', '2026-04-25', 30000, 'kg', NULL, NULL, 'Active', '70.3', 'Sent', '2370-118491', 15180, 15120, 60, 15120, NULL, '2026-04-30', 'Pending');
insert into calloff_plan (plant, material_name, supplier_name, delivery_date, quantity, unit, tank_id, target_week, status, remark, mail_status, do_number, supplier_weight, factory_weight, weight_diff, sap_receive_weight, sap_doc_number, actual_delivery_date, receive_status) values ('PT', 'HFS42%', 'บจก.เจ้าคุณเกษตรพืชผล', '2026-04-27', 15000, 'kg', NULL, NULL, 'Active', '70.3', 'Sent', '2370-118500,118501', 29960, 29890, 70, 29890, NULL, '2026-04-30', 'Pending');
insert into calloff_plan (plant, material_name, supplier_name, delivery_date, quantity, unit, tank_id, target_week, status, remark, mail_status, do_number, supplier_weight, factory_weight, weight_diff, sap_receive_weight, sap_doc_number, actual_delivery_date, receive_status) values ('PT', 'Liquid Sugar', 'แปซิฟิก ชูการ์ คอร์ปอเรชั่น', '2026-04-24', 60000, 'kg', NULL, NULL, 'Active', '67.57', 'Sent', '5361683823', 30000, 29970, 30, 29980, NULL, '2026-04-24', 'Pending');
insert into calloff_plan (plant, material_name, supplier_name, delivery_date, quantity, unit, tank_id, target_week, status, remark, mail_status, do_number, supplier_weight, factory_weight, weight_diff, sap_receive_weight, sap_doc_number, actual_delivery_date, receive_status) values ('PT', 'Liquid Sugar', 'แปซิฟิก ชูการ์ คอร์ปอเรชั่น', '2026-04-23', 60000, 'kg', NULL, NULL, 'Active', '67.75', 'Sent', '5361683714', 30000, 29920, 80, 29980, NULL, '2026-04-23', 'Pending');
insert into calloff_plan (plant, material_name, supplier_name, delivery_date, quantity, unit, tank_id, target_week, status, remark, mail_status, do_number, supplier_weight, factory_weight, weight_diff, sap_receive_weight, sap_doc_number, actual_delivery_date, receive_status) values ('PT', 'Liquid Sugar', 'แปซิฟิก ชูการ์ คอร์ปอเรชั่น', '2026-04-25', 30000, 'kg', NULL, NULL, 'Active', '67.44', 'Sent', '5361683797', 30000, 29960, 40, 29980, NULL, '2026-04-25', 'Pending');
insert into calloff_plan (plant, material_name, supplier_name, delivery_date, quantity, unit, tank_id, target_week, status, remark, mail_status, do_number, supplier_weight, factory_weight, weight_diff, sap_receive_weight, sap_doc_number, actual_delivery_date, receive_status) values ('PT', 'Liquid Sugar', 'แปซิฟิก ชูการ์ คอร์ปอเรชั่น', '2026-04-27', 30000, 'kg', NULL, NULL, 'Active', '67.61', 'Sent', '5361683886', 30000, 30000, 0, 29980, NULL, '2026-04-27', 'Pending');
insert into calloff_plan (plant, material_name, supplier_name, delivery_date, quantity, unit, tank_id, target_week, status, remark, mail_status, do_number, supplier_weight, factory_weight, weight_diff, sap_receive_weight, sap_doc_number, actual_delivery_date, receive_status) values ('PT', 'Liquid Sugar', 'แปซิฟิก ชูการ์ คอร์ปอเรชั่น', '2026-04-27', 30000, 'kg', NULL, NULL, 'Active', '67.45', 'Sent', '5361684108', 30000, 29960, 40, 29980, NULL, '2026-04-27', 'Pending');
insert into calloff_plan (plant, material_name, supplier_name, delivery_date, quantity, unit, tank_id, target_week, status, remark, mail_status, do_number, supplier_weight, factory_weight, weight_diff, sap_receive_weight, sap_doc_number, actual_delivery_date, receive_status) values ('PT', 'HFS42%', 'บจก.เจ้าคุณเกษตรพืชผล', '2026-04-30', 30000, 'kg', NULL, NULL, 'Active', '70.3', 'Sent', '2371-118546', 15280, 15220, 60, 15220, NULL, '2026-04-30', 'Pending');
insert into calloff_plan (plant, material_name, supplier_name, delivery_date, quantity, unit, tank_id, target_week, status, remark, mail_status, do_number, supplier_weight, factory_weight, weight_diff, sap_receive_weight, sap_doc_number, actual_delivery_date, receive_status) values ('PT', 'CO2', 'ลินเด้ (ประเทศไทย)', '2026-04-27', 18000, 'kg', 'ถังแพรกซ์แอร์ (PCH0111) ', NULL, 'Active', NULL, 'Sent', NULL, NULL, NULL, NULL, NULL, NULL, NULL, 'Pending');
insert into calloff_plan (plant, material_name, supplier_name, delivery_date, quantity, unit, tank_id, target_week, status, remark, mail_status, do_number, supplier_weight, factory_weight, weight_diff, sap_receive_weight, sap_doc_number, actual_delivery_date, receive_status) values ('PT', 'CO2', 'ลินเด้ (ประเทศไทย)', '2026-04-29', 18000, 'kg', 'ถังลินเด้ (CH0011)', NULL, 'Active', NULL, 'Sent', NULL, NULL, NULL, NULL, NULL, NULL, NULL, 'Pending');
insert into calloff_plan (plant, material_name, supplier_name, delivery_date, quantity, unit, tank_id, target_week, status, remark, mail_status, do_number, supplier_weight, factory_weight, weight_diff, sap_receive_weight, sap_doc_number, actual_delivery_date, receive_status) values ('PT', 'CO2', 'ลินเด้ (ประเทศไทย)', '2026-05-02', 18000, 'kg', 'ถังแพรกซ์แอร์ (PCH0111) ', NULL, 'Active', NULL, 'Sent', NULL, NULL, NULL, NULL, NULL, NULL, NULL, 'Pending');
insert into calloff_plan (plant, material_name, supplier_name, delivery_date, quantity, unit, tank_id, target_week, status, remark, mail_status, do_number, supplier_weight, factory_weight, weight_diff, sap_receive_weight, sap_doc_number, actual_delivery_date, receive_status) values ('PT', 'CO2', 'ลินเด้ (ประเทศไทย)', '2026-04-30', 18000, 'kg', 'ถังแพรกซ์แอร์ (PCH0111) ', NULL, 'Active', NULL, 'Sent', NULL, NULL, NULL, NULL, NULL, NULL, NULL, 'Pending');
insert into calloff_plan (plant, material_name, supplier_name, delivery_date, quantity, unit, tank_id, target_week, status, remark, mail_status, do_number, supplier_weight, factory_weight, weight_diff, sap_receive_weight, sap_doc_number, actual_delivery_date, receive_status) values ('PT', 'HFS42%', 'บจก.เจ้าคุณเกษตรพืชผล', '2026-04-29', 30000, 'kg', NULL, NULL, 'Active', '70.3', 'Sent', '2371-118531', 15370, 15350, 20, 15330, NULL, '2026-04-29', 'Pending');
insert into calloff_plan (plant, material_name, supplier_name, delivery_date, quantity, unit, tank_id, target_week, status, remark, mail_status, do_number, supplier_weight, factory_weight, weight_diff, sap_receive_weight, sap_doc_number, actual_delivery_date, receive_status) values ('PT', 'HFS42%', 'บจก.เจ้าคุณเกษตรพืชผล', '2026-04-29', 15000, 'kg', NULL, NULL, 'Active', '70.3', 'Sent', '2371-118530', 15280, 15250, 30, 15230, NULL, '2026-04-29', 'Pending');
insert into calloff_plan (plant, material_name, supplier_name, delivery_date, quantity, unit, tank_id, target_week, status, remark, mail_status, do_number, supplier_weight, factory_weight, weight_diff, sap_receive_weight, sap_doc_number, actual_delivery_date, receive_status) values ('PT', 'HFS42%', 'บจก.เจ้าคุณเกษตรพืชผล', '2026-04-28', 15000, 'kg', NULL, NULL, 'Active', '70.3', 'Sent', '2371-118520', 15210, 15170, 40, 15150, NULL, '2026-04-28', 'Pending');
insert into calloff_plan (plant, material_name, supplier_name, delivery_date, quantity, unit, tank_id, target_week, status, remark, mail_status, do_number, supplier_weight, factory_weight, weight_diff, sap_receive_weight, sap_doc_number, actual_delivery_date, receive_status) values ('PT', 'HFS42%', 'บจก.เจ้าคุณเกษตรพืชผล', '2026-04-28', 30000, 'kg', NULL, NULL, 'Active', '70.3', 'Sent', '2371-118521', 15170, 15130, 40, 15110, NULL, '2026-04-28', 'Pending');
insert into calloff_plan (plant, material_name, supplier_name, delivery_date, quantity, unit, tank_id, target_week, status, remark, mail_status, do_number, supplier_weight, factory_weight, weight_diff, sap_receive_weight, sap_doc_number, actual_delivery_date, receive_status) values ('PT', 'HFS42%', 'บจก.เจ้าคุณเกษตรพืชผล', '2026-04-30', 15000, 'kg', NULL, NULL, 'Active', '70.3', 'Sent', '2371-118543', 15190, 15150, 40, 151350, NULL, '2026-05-02', 'Pending');
insert into calloff_plan (plant, material_name, supplier_name, delivery_date, quantity, unit, tank_id, target_week, status, remark, mail_status, do_number, supplier_weight, factory_weight, weight_diff, sap_receive_weight, sap_doc_number, actual_delivery_date, receive_status) values ('PT', 'Liquid Sugar', 'แปซิฟิก ชูการ์ คอร์ปอเรชั่น', '2026-04-30', 30000, 'kg', NULL, NULL, 'Active', '67.58', 'Sent', '536168465', 30000, 30050, -50, 29980, NULL, '2026-04-30', 'Pending');
insert into calloff_plan (plant, material_name, supplier_name, delivery_date, quantity, unit, tank_id, target_week, status, remark, mail_status, do_number, supplier_weight, factory_weight, weight_diff, sap_receive_weight, sap_doc_number, actual_delivery_date, receive_status) values ('PT', 'Liquid Sugar', 'แปซิฟิก ชูการ์ คอร์ปอเรชั่น', '2026-04-30', 30000, 'kg', NULL, NULL, 'Active', '67.44', 'Sent', '5361684393', 30000, 29920, 80, 299280, NULL, '2026-04-30', 'Pending');
insert into calloff_plan (plant, material_name, supplier_name, delivery_date, quantity, unit, tank_id, target_week, status, remark, mail_status, do_number, supplier_weight, factory_weight, weight_diff, sap_receive_weight, sap_doc_number, actual_delivery_date, receive_status) values ('PT', 'Liquid Sugar', 'แปซิฟิก ชูการ์ คอร์ปอเรชั่น', '2026-04-29', 60000, 'kg', NULL, NULL, 'Active', '67.79', 'Sent', '5361684137', 30000, 29960, 40, 29980, NULL, '2026-04-29', 'Pending');
insert into calloff_plan (plant, material_name, supplier_name, delivery_date, quantity, unit, tank_id, target_week, status, remark, mail_status, do_number, supplier_weight, factory_weight, weight_diff, sap_receive_weight, sap_doc_number, actual_delivery_date, receive_status) values ('PT', 'Liquid Sugar', 'แปซิฟิก ชูการ์ คอร์ปอเรชั่น', '2026-04-28', 30000, 'kg', NULL, NULL, 'Active', '67.60', 'Sent', '5361684120', 30000, 29970, 30, 29980, NULL, '2026-04-28', 'Pending');
insert into calloff_plan (plant, material_name, supplier_name, delivery_date, quantity, unit, tank_id, target_week, status, remark, mail_status, do_number, supplier_weight, factory_weight, weight_diff, sap_receive_weight, sap_doc_number, actual_delivery_date, receive_status) values ('PT', 'Liquid Sugar', 'แปซิฟิก ชูการ์ คอร์ปอเรชั่น', '2026-05-02', 30000, 'kg', NULL, NULL, 'Active', '67-30', 'Sent', '5361684471', 30000, 29990, 10, 29980, NULL, '2026-05-02', 'Pending');
insert into calloff_plan (plant, material_name, supplier_name, delivery_date, quantity, unit, tank_id, target_week, status, remark, mail_status, do_number, supplier_weight, factory_weight, weight_diff, sap_receive_weight, sap_doc_number, actual_delivery_date, receive_status) values ('PT', 'Liquid Sugar', 'แปซิฟิก ชูการ์ คอร์ปอเรชั่น', '2026-05-09', 60000, 'kg', NULL, NULL, 'Active', '67.49', 'Sent', '5361685087', 30000, 30010, -10, 29980, NULL, '2026-05-09', 'Pending');
insert into calloff_plan (plant, material_name, supplier_name, delivery_date, quantity, unit, tank_id, target_week, status, remark, mail_status, do_number, supplier_weight, factory_weight, weight_diff, sap_receive_weight, sap_doc_number, actual_delivery_date, receive_status) values ('PT', 'CO2', 'ลินเด้ (ประเทศไทย)', '2026-05-05', 18000, 'kg', 'ถังแพรกซ์แอร์ (PCH0111) ', NULL, 'Active', NULL, 'Sent', NULL, NULL, NULL, NULL, NULL, NULL, NULL, 'Pending');
insert into calloff_plan (plant, material_name, supplier_name, delivery_date, quantity, unit, tank_id, target_week, status, remark, mail_status, do_number, supplier_weight, factory_weight, weight_diff, sap_receive_weight, sap_doc_number, actual_delivery_date, receive_status) values ('PT', 'CO2', 'ลินเด้ (ประเทศไทย)', '2026-05-07', 18000, 'kg', 'ถังลินเด้ (CH0011)', NULL, 'Active', NULL, 'Sent', NULL, NULL, NULL, NULL, NULL, NULL, NULL, 'Pending');
insert into calloff_plan (plant, material_name, supplier_name, delivery_date, quantity, unit, tank_id, target_week, status, remark, mail_status, do_number, supplier_weight, factory_weight, weight_diff, sap_receive_weight, sap_doc_number, actual_delivery_date, receive_status) values ('PT', 'CO2', 'ลินเด้ (ประเทศไทย)', '2026-05-09', 18000, 'kg', 'ถังแพรกซ์แอร์ (PCH0111) ', NULL, 'Active', NULL, 'Sent', NULL, NULL, NULL, NULL, NULL, NULL, NULL, 'Pending');
insert into calloff_plan (plant, material_name, supplier_name, delivery_date, quantity, unit, tank_id, target_week, status, remark, mail_status, do_number, supplier_weight, factory_weight, weight_diff, sap_receive_weight, sap_doc_number, actual_delivery_date, receive_status) values ('PT', 'HFS42%', 'พี.เอส.ซี.สตาร์ช โปรดักส์', '2026-04-28', NULL, 'kg', NULL, NULL, 'Active', '70.3', 'Pending', '2371-118520', 15210, 15170, 40, 15150, NULL, '2026-04-28', 'Pending');
insert into calloff_plan (plant, material_name, supplier_name, delivery_date, quantity, unit, tank_id, target_week, status, remark, mail_status, do_number, supplier_weight, factory_weight, weight_diff, sap_receive_weight, sap_doc_number, actual_delivery_date, receive_status) values ('PT', 'HFS42%', 'พี.เอส.ซี.สตาร์ช โปรดักส์', '2026-04-28', NULL, 'kg', NULL, NULL, 'Active', '70.3', 'Pending', '2371-118521', 15170, 15130, 40, 15110, NULL, '2026-04-28', 'Pending');
insert into calloff_plan (plant, material_name, supplier_name, delivery_date, quantity, unit, tank_id, target_week, status, remark, mail_status, do_number, supplier_weight, factory_weight, weight_diff, sap_receive_weight, sap_doc_number, actual_delivery_date, receive_status) values ('PT', 'Liquid Sugar', 'แปซิฟิก ชูการ์ คอร์ปอเรชั่น', '2026-04-28', NULL, 'kg', NULL, NULL, 'Active', '67.60', 'Pending', '5361684120', 30000, 29970, 30, 29980, NULL, '2026-04-28', 'Pending');
insert into calloff_plan (plant, material_name, supplier_name, delivery_date, quantity, unit, tank_id, target_week, status, remark, mail_status, do_number, supplier_weight, factory_weight, weight_diff, sap_receive_weight, sap_doc_number, actual_delivery_date, receive_status) values ('PT', 'HFS42%', 'บจก.เจ้าคุณเกษตรพืชผล', '2026-05-09', 30000, 'kg', NULL, NULL, 'Active', '70.3', 'Sent', '2374-118652', 15150, 15120, 30, 15100, NULL, '2026-05-09', 'Pending');
insert into calloff_plan (plant, material_name, supplier_name, delivery_date, quantity, unit, tank_id, target_week, status, remark, mail_status, do_number, supplier_weight, factory_weight, weight_diff, sap_receive_weight, sap_doc_number, actual_delivery_date, receive_status) values ('PT', 'HFS42%', 'บจก.เจ้าคุณเกษตรพืชผล', '2026-05-01', 15000, 'kg', NULL, NULL, 'Active', '70.3', 'Sent', '2371-118550', 15280, 15170, 110, 15150, NULL, '2026-05-01', 'Pending');
insert into calloff_plan (plant, material_name, supplier_name, delivery_date, quantity, unit, tank_id, target_week, status, remark, mail_status, do_number, supplier_weight, factory_weight, weight_diff, sap_receive_weight, sap_doc_number, actual_delivery_date, receive_status) values ('PT', 'HFS42%', 'บจก.เจ้าคุณเกษตรพืชผล', '2026-05-01', 15000, 'kg', NULL, NULL, 'Active', '70.3', 'Sent', '2372-118551', 15250, 15220, 30, 15200, NULL, '2026-05-01', 'Pending');
insert into calloff_plan (plant, material_name, supplier_name, delivery_date, quantity, unit, tank_id, target_week, status, remark, mail_status, do_number, supplier_weight, factory_weight, weight_diff, sap_receive_weight, sap_doc_number, actual_delivery_date, receive_status) values ('PT', 'HFS42%', 'บจก.เจ้าคุณเกษตรพืชผล', '2026-05-04', 15000, 'kg', NULL, NULL, 'Active', '70.3', 'Sent', '2372-118578', 15180, 15120, 60, 15100, NULL, '2026-05-04', 'Pending');
insert into calloff_plan (plant, material_name, supplier_name, delivery_date, quantity, unit, tank_id, target_week, status, remark, mail_status, do_number, supplier_weight, factory_weight, weight_diff, sap_receive_weight, sap_doc_number, actual_delivery_date, receive_status) values ('PT', 'HFS42%', 'บจก.เจ้าคุณเกษตรพืชผล', '2026-05-04', 30000, 'kg', NULL, NULL, 'Active', '70.3', 'Sent', '2372-118579', 15020, 15000, 20, 14980, NULL, '2026-05-04', 'Pending');
insert into calloff_plan (plant, material_name, supplier_name, delivery_date, quantity, unit, tank_id, target_week, status, remark, mail_status, do_number, supplier_weight, factory_weight, weight_diff, sap_receive_weight, sap_doc_number, actual_delivery_date, receive_status) values ('PT', 'HFS42%', 'บจก.เจ้าคุณเกษตรพืชผล', '2026-05-05', 15000, 'kg', NULL, NULL, 'Active', '70.3', 'Sent', '2372-118590', 15140, 15030, 110, 15010, NULL, '2026-05-05', 'Pending');
insert into calloff_plan (plant, material_name, supplier_name, delivery_date, quantity, unit, tank_id, target_week, status, remark, mail_status, do_number, supplier_weight, factory_weight, weight_diff, sap_receive_weight, sap_doc_number, actual_delivery_date, receive_status) values ('PT', 'Liquid Sugar', 'แปซิฟิก ชูการ์ คอร์ปอเรชั่น', '2026-05-02', 60000, 'kg', NULL, NULL, 'Active', '67.44', 'Sent', '5361684491', 30000, 30000, 0, 29980, NULL, '2026-05-02', 'Pending');
insert into calloff_plan (plant, material_name, supplier_name, delivery_date, quantity, unit, tank_id, target_week, status, remark, mail_status, do_number, supplier_weight, factory_weight, weight_diff, sap_receive_weight, sap_doc_number, actual_delivery_date, receive_status) values ('PT', 'Liquid Sugar', 'แปซิฟิก ชูการ์ คอร์ปอเรชั่น', '2026-05-04', 60000, 'kg', NULL, NULL, 'Active', '67.63', 'Sent', '5361684633', 30000, 30000, 0, 29980, NULL, '2026-05-04', 'Pending');
insert into calloff_plan (plant, material_name, supplier_name, delivery_date, quantity, unit, tank_id, target_week, status, remark, mail_status, do_number, supplier_weight, factory_weight, weight_diff, sap_receive_weight, sap_doc_number, actual_delivery_date, receive_status) values ('PT', 'Liquid Sugar', 'แปซิฟิก ชูการ์ คอร์ปอเรชั่น', '2026-05-05', 60000, 'kg', NULL, NULL, 'Active', '67.83', 'Sent', '5361684733', 30000, 30000, 0, 29980, NULL, '2026-05-05', 'Pending');
insert into calloff_plan (plant, material_name, supplier_name, delivery_date, quantity, unit, tank_id, target_week, status, remark, mail_status, do_number, supplier_weight, factory_weight, weight_diff, sap_receive_weight, sap_doc_number, actual_delivery_date, receive_status) values ('PT', 'Liquid Sugar', 'แปซิฟิก ชูการ์ คอร์ปอเรชั่น', '2026-05-06', 30000, 'kg', NULL, NULL, 'Active', '67.50', 'Sent', '5361684758', 30000, 29980, 20, 29980, NULL, '2026-05-06', 'Pending');
insert into calloff_plan (plant, material_name, supplier_name, delivery_date, quantity, unit, tank_id, target_week, status, remark, mail_status, do_number, supplier_weight, factory_weight, weight_diff, sap_receive_weight, sap_doc_number, actual_delivery_date, receive_status) values ('PT', 'Liquid Sugar', 'แปซิฟิก ชูการ์ คอร์ปอเรชั่น', '2026-05-07', 60000, 'kg', NULL, NULL, 'Active', '67.55', 'Sent', '5361684772', 30000, 30000, 0, 29980, NULL, '2026-05-07', 'Pending');
insert into calloff_plan (plant, material_name, supplier_name, delivery_date, quantity, unit, tank_id, target_week, status, remark, mail_status, do_number, supplier_weight, factory_weight, weight_diff, sap_receive_weight, sap_doc_number, actual_delivery_date, receive_status) values ('PT', 'Liquid Sugar', 'แปซิฟิก ชูการ์ คอร์ปอเรชั่น', '2026-05-08', 60000, 'kg', NULL, NULL, 'Active', '67.44,67.41', 'Sent', '5361684987,5361684985', 3000030000, 3001030040, 50, 2998029980, NULL, '2026-05-08', 'Pending');
insert into calloff_plan (plant, material_name, supplier_name, delivery_date, quantity, unit, tank_id, target_week, status, remark, mail_status, do_number, supplier_weight, factory_weight, weight_diff, sap_receive_weight, sap_doc_number, actual_delivery_date, receive_status) values ('PT', 'CO2', 'ลินเด้ (ประเทศไทย)', '2026-05-10', 18000, 'kg', 'ถังลินเด้ (CH0011)', NULL, 'Active', NULL, 'Sent', NULL, NULL, NULL, NULL, NULL, NULL, NULL, 'Pending');
insert into calloff_plan (plant, material_name, supplier_name, delivery_date, quantity, unit, tank_id, target_week, status, remark, mail_status, do_number, supplier_weight, factory_weight, weight_diff, sap_receive_weight, sap_doc_number, actual_delivery_date, receive_status) values ('PT', 'CO2', 'ลินเด้ (ประเทศไทย)', '2026-05-12', 18000, 'kg', 'ถังแพรกซ์แอร์ (CH0112)', NULL, 'Active', NULL, 'Sent', NULL, NULL, NULL, NULL, NULL, NULL, NULL, 'Pending');
insert into calloff_plan (plant, material_name, supplier_name, delivery_date, quantity, unit, tank_id, target_week, status, remark, mail_status, do_number, supplier_weight, factory_weight, weight_diff, sap_receive_weight, sap_doc_number, actual_delivery_date, receive_status) values ('PT', 'CO2', 'ลินเด้ (ประเทศไทย)', '2026-05-13', 18000, 'kg', 'ถังแพรกซ์แอร์ (PCH0111) ', NULL, 'Active', NULL, 'Sent', NULL, NULL, NULL, NULL, NULL, NULL, NULL, 'Pending');
insert into calloff_plan (plant, material_name, supplier_name, delivery_date, quantity, unit, tank_id, target_week, status, remark, mail_status, do_number, supplier_weight, factory_weight, weight_diff, sap_receive_weight, sap_doc_number, actual_delivery_date, receive_status) values ('PT', 'CO2', 'ลินเด้ (ประเทศไทย)', '2026-05-15', 18000, 'kg', 'ถังลินเด้ (CH0011)', NULL, 'Active', NULL, 'Sent', NULL, NULL, NULL, NULL, NULL, NULL, NULL, 'Pending');
insert into calloff_plan (plant, material_name, supplier_name, delivery_date, quantity, unit, tank_id, target_week, status, remark, mail_status, do_number, supplier_weight, factory_weight, weight_diff, sap_receive_weight, sap_doc_number, actual_delivery_date, receive_status) values ('PT', 'HFS42%', 'พี.เอส.ซี.สตาร์ช โปรดักส์', '2026-05-10', NULL, 'kg', NULL, NULL, 'Active', NULL, 'Pending', NULL, 15000, 15000, 0, 14980, NULL, '2026-05-10', 'Pending');
insert into calloff_plan (plant, material_name, supplier_name, delivery_date, quantity, unit, tank_id, target_week, status, remark, mail_status, do_number, supplier_weight, factory_weight, weight_diff, sap_receive_weight, sap_doc_number, actual_delivery_date, receive_status) values ('PT', 'HFS42%', 'บจก.เจ้าคุณเกษตรพืชผล', '2026-05-10', NULL, 'kg', NULL, NULL, 'Active', NULL, 'Pending', NULL, 15010, 1500, 13510, 1500, NULL, '2026-05-10', 'Pending');
insert into calloff_plan (plant, material_name, supplier_name, delivery_date, quantity, unit, tank_id, target_week, status, remark, mail_status, do_number, supplier_weight, factory_weight, weight_diff, sap_receive_weight, sap_doc_number, actual_delivery_date, receive_status) values ('PT', 'HFS42%', 'WGC', '2026-05-18', 30000, 'kg', NULL, NULL, 'Active', NULL, 'Sent', NULL, NULL, NULL, NULL, NULL, NULL, NULL, 'Pending');
insert into calloff_plan (plant, material_name, supplier_name, delivery_date, quantity, unit, tank_id, target_week, status, remark, mail_status, do_number, supplier_weight, factory_weight, weight_diff, sap_receive_weight, sap_doc_number, actual_delivery_date, receive_status) values ('PT', 'HFS42%', 'WGC', '2026-05-19', 15000, 'kg', NULL, NULL, 'Active', NULL, 'Sent', NULL, NULL, NULL, NULL, NULL, NULL, NULL, 'Pending');
insert into calloff_plan (plant, material_name, supplier_name, delivery_date, quantity, unit, tank_id, target_week, status, remark, mail_status, do_number, supplier_weight, factory_weight, weight_diff, sap_receive_weight, sap_doc_number, actual_delivery_date, receive_status) values ('PT', 'HFS42%', 'WGC', '2026-05-20', 30000, 'kg', NULL, NULL, 'Active', NULL, 'Sent', NULL, NULL, NULL, NULL, NULL, NULL, NULL, 'Pending');
insert into calloff_plan (plant, material_name, supplier_name, delivery_date, quantity, unit, tank_id, target_week, status, remark, mail_status, do_number, supplier_weight, factory_weight, weight_diff, sap_receive_weight, sap_doc_number, actual_delivery_date, receive_status) values ('PT', 'HFS42%', 'WGC', '2026-05-21', 15000, 'kg', NULL, NULL, 'Active', NULL, 'Sent', NULL, NULL, NULL, NULL, NULL, NULL, NULL, 'Pending');
insert into calloff_plan (plant, material_name, supplier_name, delivery_date, quantity, unit, tank_id, target_week, status, remark, mail_status, do_number, supplier_weight, factory_weight, weight_diff, sap_receive_weight, sap_doc_number, actual_delivery_date, receive_status) values ('PT', 'HFS42%', 'WGC', '2026-05-22', 15000, 'kg', NULL, NULL, 'Active', NULL, 'Sent', NULL, NULL, NULL, NULL, NULL, NULL, NULL, 'Pending');
insert into calloff_plan (plant, material_name, supplier_name, delivery_date, quantity, unit, tank_id, target_week, status, remark, mail_status, do_number, supplier_weight, factory_weight, weight_diff, sap_receive_weight, sap_doc_number, actual_delivery_date, receive_status) values ('PT', 'HFS42%', 'WGC', '2026-05-23', 30000, 'kg', NULL, NULL, 'Active', NULL, 'Sent', NULL, NULL, NULL, NULL, NULL, NULL, NULL, 'Pending');
insert into calloff_plan (plant, material_name, supplier_name, delivery_date, quantity, unit, tank_id, target_week, status, remark, mail_status, do_number, supplier_weight, factory_weight, weight_diff, sap_receive_weight, sap_doc_number, actual_delivery_date, receive_status) values ('PT', 'Liquid Sugar', 'แปซิฟิก ชูการ์ คอร์ปอเรชั่น', '2026-05-18', 60000, 'kg', NULL, NULL, 'Active', NULL, 'Sent', NULL, NULL, NULL, NULL, NULL, NULL, NULL, 'Pending');
insert into calloff_plan (plant, material_name, supplier_name, delivery_date, quantity, unit, tank_id, target_week, status, remark, mail_status, do_number, supplier_weight, factory_weight, weight_diff, sap_receive_weight, sap_doc_number, actual_delivery_date, receive_status) values ('PT', 'Liquid Sugar', 'แปซิฟิก ชูการ์ คอร์ปอเรชั่น', '2026-05-19', 30000, 'kg', NULL, NULL, 'Active', NULL, 'Sent', NULL, NULL, NULL, NULL, NULL, NULL, NULL, 'Pending');
insert into calloff_plan (plant, material_name, supplier_name, delivery_date, quantity, unit, tank_id, target_week, status, remark, mail_status, do_number, supplier_weight, factory_weight, weight_diff, sap_receive_weight, sap_doc_number, actual_delivery_date, receive_status) values ('PT', 'Liquid Sugar', 'แปซิฟิก ชูการ์ คอร์ปอเรชั่น', '2026-05-20', 30000, 'kg', NULL, NULL, 'Active', NULL, 'Sent', NULL, NULL, NULL, NULL, NULL, NULL, NULL, 'Pending');
insert into calloff_plan (plant, material_name, supplier_name, delivery_date, quantity, unit, tank_id, target_week, status, remark, mail_status, do_number, supplier_weight, factory_weight, weight_diff, sap_receive_weight, sap_doc_number, actual_delivery_date, receive_status) values ('PT', 'Liquid Sugar', 'แปซิฟิก ชูการ์ คอร์ปอเรชั่น', '2026-05-21', 30000, 'kg', NULL, NULL, 'Active', NULL, 'Sent', NULL, NULL, NULL, NULL, NULL, NULL, NULL, 'Pending');
insert into calloff_plan (plant, material_name, supplier_name, delivery_date, quantity, unit, tank_id, target_week, status, remark, mail_status, do_number, supplier_weight, factory_weight, weight_diff, sap_receive_weight, sap_doc_number, actual_delivery_date, receive_status) values ('PT', 'Liquid Sugar', 'แปซิฟิก ชูการ์ คอร์ปอเรชั่น', '2026-05-22', 30000, 'kg', NULL, NULL, 'Active', NULL, 'Sent', NULL, NULL, NULL, NULL, NULL, NULL, NULL, 'Pending');
insert into calloff_plan (plant, material_name, supplier_name, delivery_date, quantity, unit, tank_id, target_week, status, remark, mail_status, do_number, supplier_weight, factory_weight, weight_diff, sap_receive_weight, sap_doc_number, actual_delivery_date, receive_status) values ('PT', 'Liquid Sugar', 'แปซิฟิก ชูการ์ คอร์ปอเรชั่น', '2026-05-23', 30000, 'kg', NULL, NULL, 'Active', NULL, 'Sent', NULL, NULL, NULL, NULL, NULL, NULL, NULL, 'Pending');
insert into calloff_plan (plant, material_name, supplier_name, delivery_date, quantity, unit, tank_id, target_week, status, remark, mail_status, do_number, supplier_weight, factory_weight, weight_diff, sap_receive_weight, sap_doc_number, actual_delivery_date, receive_status) values ('PT', 'CO2', 'ลินเด้ (ประเทศไทย)', '2026-05-18', 18000, 'kg', 'ถังแพรกซ์แอร์ (PCH0111) ', NULL, 'Active', NULL, 'Sent', NULL, NULL, NULL, NULL, NULL, NULL, NULL, 'Pending');
insert into calloff_plan (plant, material_name, supplier_name, delivery_date, quantity, unit, tank_id, target_week, status, remark, mail_status, do_number, supplier_weight, factory_weight, weight_diff, sap_receive_weight, sap_doc_number, actual_delivery_date, receive_status) values ('PT', 'CO2', 'ลินเด้ (ประเทศไทย)', '2026-05-19', 18000, 'kg', 'ถังลินเด้ (CH0011)', NULL, 'Active', NULL, 'Sent', NULL, NULL, NULL, NULL, NULL, NULL, NULL, 'Pending');
insert into calloff_plan (plant, material_name, supplier_name, delivery_date, quantity, unit, tank_id, target_week, status, remark, mail_status, do_number, supplier_weight, factory_weight, weight_diff, sap_receive_weight, sap_doc_number, actual_delivery_date, receive_status) values ('PT', 'CO2', 'ลินเด้ (ประเทศไทย)', '2026-05-21', 18000, 'kg', 'ถังแพรกซ์แอร์ (PCH0111) ', NULL, 'Active', NULL, 'Sent', NULL, NULL, NULL, NULL, NULL, NULL, NULL, 'Pending');
insert into calloff_plan (plant, material_name, supplier_name, delivery_date, quantity, unit, tank_id, target_week, status, remark, mail_status, do_number, supplier_weight, factory_weight, weight_diff, sap_receive_weight, sap_doc_number, actual_delivery_date, receive_status) values ('PT', 'CO2', 'ลินเด้ (ประเทศไทย)', '2026-05-23', 18000, 'kg', 'ถังลินเด้ (CH0011)', NULL, 'Active', NULL, 'Sent', NULL, NULL, NULL, NULL, NULL, NULL, NULL, 'Pending');
insert into calloff_plan (plant, material_name, supplier_name, delivery_date, quantity, unit, tank_id, target_week, status, remark, mail_status, do_number, supplier_weight, factory_weight, weight_diff, sap_receive_weight, sap_doc_number, actual_delivery_date, receive_status) values ('PT', 'HFS42%', 'WGC', '2026-05-25', 30000, 'kg', NULL, NULL, 'Active', NULL, 'Sent', NULL, NULL, NULL, NULL, NULL, NULL, NULL, 'Pending');
insert into calloff_plan (plant, material_name, supplier_name, delivery_date, quantity, unit, tank_id, target_week, status, remark, mail_status, do_number, supplier_weight, factory_weight, weight_diff, sap_receive_weight, sap_doc_number, actual_delivery_date, receive_status) values ('PT', 'HFS42%', 'WGC', '2026-05-26', 15000, 'kg', NULL, NULL, 'Active', NULL, 'Sent', NULL, NULL, NULL, NULL, NULL, NULL, NULL, 'Pending');
insert into calloff_plan (plant, material_name, supplier_name, delivery_date, quantity, unit, tank_id, target_week, status, remark, mail_status, do_number, supplier_weight, factory_weight, weight_diff, sap_receive_weight, sap_doc_number, actual_delivery_date, receive_status) values ('PT', 'HFS42%', 'WGC', '2026-05-27', 15000, 'kg', NULL, NULL, 'Active', NULL, 'Sent', NULL, NULL, NULL, NULL, NULL, NULL, NULL, 'Pending');
insert into calloff_plan (plant, material_name, supplier_name, delivery_date, quantity, unit, tank_id, target_week, status, remark, mail_status, do_number, supplier_weight, factory_weight, weight_diff, sap_receive_weight, sap_doc_number, actual_delivery_date, receive_status) values ('PT', 'HFS42%', 'WGC', '2026-05-29', 15000, 'kg', NULL, NULL, 'Active', NULL, 'Sent', NULL, NULL, NULL, NULL, NULL, NULL, NULL, 'Pending');
insert into calloff_plan (plant, material_name, supplier_name, delivery_date, quantity, unit, tank_id, target_week, status, remark, mail_status, do_number, supplier_weight, factory_weight, weight_diff, sap_receive_weight, sap_doc_number, actual_delivery_date, receive_status) values ('PT', 'HFS42%', 'WGC', '2026-05-30', 15000, 'kg', NULL, NULL, 'Active', NULL, 'Sent', NULL, NULL, NULL, NULL, NULL, NULL, NULL, 'Pending');
insert into calloff_plan (plant, material_name, supplier_name, delivery_date, quantity, unit, tank_id, target_week, status, remark, mail_status, do_number, supplier_weight, factory_weight, weight_diff, sap_receive_weight, sap_doc_number, actual_delivery_date, receive_status) values ('PT', 'Liquid Sugar', 'แปซิฟิก ชูการ์ คอร์ปอเรชั่น', '2026-05-25', 60000, 'kg', NULL, NULL, 'Active', NULL, 'Sent', NULL, NULL, NULL, NULL, NULL, NULL, NULL, 'Pending');
insert into calloff_plan (plant, material_name, supplier_name, delivery_date, quantity, unit, tank_id, target_week, status, remark, mail_status, do_number, supplier_weight, factory_weight, weight_diff, sap_receive_weight, sap_doc_number, actual_delivery_date, receive_status) values ('PT', 'Liquid Sugar', 'แปซิฟิก ชูการ์ คอร์ปอเรชั่น', '2026-05-26', 30000, 'kg', NULL, NULL, 'Active', NULL, 'Sent', NULL, NULL, NULL, NULL, NULL, NULL, NULL, 'Pending');
insert into calloff_plan (plant, material_name, supplier_name, delivery_date, quantity, unit, tank_id, target_week, status, remark, mail_status, do_number, supplier_weight, factory_weight, weight_diff, sap_receive_weight, sap_doc_number, actual_delivery_date, receive_status) values ('PT', 'Liquid Sugar', 'แปซิฟิก ชูการ์ คอร์ปอเรชั่น', '2026-05-27', 60000, 'kg', NULL, NULL, 'Active', NULL, 'Sent', NULL, NULL, NULL, NULL, NULL, NULL, NULL, 'Pending');
insert into calloff_plan (plant, material_name, supplier_name, delivery_date, quantity, unit, tank_id, target_week, status, remark, mail_status, do_number, supplier_weight, factory_weight, weight_diff, sap_receive_weight, sap_doc_number, actual_delivery_date, receive_status) values ('PT', 'Liquid Sugar', 'แปซิฟิก ชูการ์ คอร์ปอเรชั่น', '2026-05-28', 60000, 'kg', NULL, NULL, 'Active', NULL, 'Sent', NULL, NULL, NULL, NULL, NULL, NULL, NULL, 'Pending');
insert into calloff_plan (plant, material_name, supplier_name, delivery_date, quantity, unit, tank_id, target_week, status, remark, mail_status, do_number, supplier_weight, factory_weight, weight_diff, sap_receive_weight, sap_doc_number, actual_delivery_date, receive_status) values ('PT', 'Liquid Sugar', 'แปซิฟิก ชูการ์ คอร์ปอเรชั่น', '2026-05-29', 30000, 'kg', NULL, NULL, 'Active', NULL, 'Sent', NULL, NULL, NULL, NULL, NULL, NULL, NULL, 'Pending');
insert into calloff_plan (plant, material_name, supplier_name, delivery_date, quantity, unit, tank_id, target_week, status, remark, mail_status, do_number, supplier_weight, factory_weight, weight_diff, sap_receive_weight, sap_doc_number, actual_delivery_date, receive_status) values ('PT', 'Liquid Sugar', 'แปซิฟิก ชูการ์ คอร์ปอเรชั่น', '2026-05-30', 60000, 'kg', NULL, NULL, 'Active', NULL, 'Sent', NULL, NULL, NULL, NULL, NULL, NULL, NULL, 'Pending');
insert into calloff_plan (plant, material_name, supplier_name, delivery_date, quantity, unit, tank_id, target_week, status, remark, mail_status, do_number, supplier_weight, factory_weight, weight_diff, sap_receive_weight, sap_doc_number, actual_delivery_date, receive_status) values ('PT', 'Bioligo IMO', 'บจก.เจ้าคุณเกษตรพืชผล', '2026-06-02', 4, 'kg', NULL, NULL, 'Active', NULL, 'Sent', NULL, NULL, NULL, NULL, NULL, NULL, NULL, 'Pending');
insert into calloff_plan (plant, material_name, supplier_name, delivery_date, quantity, unit, tank_id, target_week, status, remark, mail_status, do_number, supplier_weight, factory_weight, weight_diff, sap_receive_weight, sap_doc_number, actual_delivery_date, receive_status) values ('PT', 'Bioligo IMO', 'บจก.เจ้าคุณเกษตรพืชผล', '2026-06-05', 4, 'kg', NULL, NULL, 'Active', NULL, 'Sent', NULL, NULL, NULL, NULL, NULL, NULL, NULL, 'Pending');
insert into calloff_plan (plant, material_name, supplier_name, delivery_date, quantity, unit, tank_id, target_week, status, remark, mail_status, do_number, supplier_weight, factory_weight, weight_diff, sap_receive_weight, sap_doc_number, actual_delivery_date, receive_status) values ('PT', 'Bioligo IMO', 'บจก.เจ้าคุณเกษตรพืชผล', '2026-06-10', 4, 'kg', NULL, NULL, 'Active', NULL, 'Sent', NULL, NULL, NULL, NULL, NULL, NULL, NULL, 'Pending');
insert into calloff_plan (plant, material_name, supplier_name, delivery_date, quantity, unit, tank_id, target_week, status, remark, mail_status, do_number, supplier_weight, factory_weight, weight_diff, sap_receive_weight, sap_doc_number, actual_delivery_date, receive_status) values ('PT', 'Bioligo IMO', 'บจก.เจ้าคุณเกษตรพืชผล', '2026-06-13', 4, 'kg', NULL, NULL, 'Active', NULL, 'Sent', NULL, NULL, NULL, NULL, NULL, NULL, NULL, 'Pending');
insert into calloff_plan (plant, material_name, supplier_name, delivery_date, quantity, unit, tank_id, target_week, status, remark, mail_status, do_number, supplier_weight, factory_weight, weight_diff, sap_receive_weight, sap_doc_number, actual_delivery_date, receive_status) values ('PT', 'Bioligo IMO', 'บจก.เจ้าคุณเกษตรพืชผล', '2026-06-17', 4, 'kg', NULL, NULL, 'Active', NULL, 'Sent', NULL, NULL, NULL, NULL, NULL, NULL, NULL, 'Pending');
insert into calloff_plan (plant, material_name, supplier_name, delivery_date, quantity, unit, tank_id, target_week, status, remark, mail_status, do_number, supplier_weight, factory_weight, weight_diff, sap_receive_weight, sap_doc_number, actual_delivery_date, receive_status) values ('PT', 'Bioligo IMO', 'บจก.เจ้าคุณเกษตรพืชผล', '2026-06-19', 4, 'kg', NULL, NULL, 'Active', NULL, 'Sent', NULL, NULL, NULL, NULL, NULL, NULL, NULL, 'Pending');
insert into calloff_plan (plant, material_name, supplier_name, delivery_date, quantity, unit, tank_id, target_week, status, remark, mail_status, do_number, supplier_weight, factory_weight, weight_diff, sap_receive_weight, sap_doc_number, actual_delivery_date, receive_status) values ('PT', 'Bioligo IMO', 'บจก.เจ้าคุณเกษตรพืชผล', '2026-06-23', 4, 'kg', NULL, NULL, 'Active', NULL, 'Sent', NULL, NULL, NULL, NULL, NULL, NULL, NULL, 'Pending');
insert into calloff_plan (plant, material_name, supplier_name, delivery_date, quantity, unit, tank_id, target_week, status, remark, mail_status, do_number, supplier_weight, factory_weight, weight_diff, sap_receive_weight, sap_doc_number, actual_delivery_date, receive_status) values ('PT', 'Bioligo IMO', 'บจก.เจ้าคุณเกษตรพืชผล', '2026-06-26', 4, 'kg', NULL, NULL, 'Active', NULL, 'Sent', NULL, NULL, NULL, NULL, NULL, NULL, NULL, 'Pending');
insert into calloff_plan (plant, material_name, supplier_name, delivery_date, quantity, unit, tank_id, target_week, status, remark, mail_status, do_number, supplier_weight, factory_weight, weight_diff, sap_receive_weight, sap_doc_number, actual_delivery_date, receive_status) values ('PT', 'Bioligo IMO', 'บจก.เจ้าคุณเกษตรพืชผล', '2026-06-30', 4, 'kg', NULL, NULL, 'Active', NULL, 'Sent', NULL, NULL, NULL, NULL, NULL, NULL, NULL, 'Pending');
insert into calloff_plan (plant, material_name, supplier_name, delivery_date, quantity, unit, tank_id, target_week, status, remark, mail_status, do_number, supplier_weight, factory_weight, weight_diff, sap_receive_weight, sap_doc_number, actual_delivery_date, receive_status) values ('PT', 'CO2', 'ลินเด้ (ประเทศไทย)', '2026-05-25', 18000, 'kg', 'ถังแพรกซ์แอร์ (PCH0111) ', NULL, 'Active', NULL, 'Sent', NULL, NULL, NULL, NULL, NULL, NULL, NULL, 'Pending');
insert into calloff_plan (plant, material_name, supplier_name, delivery_date, quantity, unit, tank_id, target_week, status, remark, mail_status, do_number, supplier_weight, factory_weight, weight_diff, sap_receive_weight, sap_doc_number, actual_delivery_date, receive_status) values ('PT', 'CO2', 'ลินเด้ (ประเทศไทย)', '2026-05-27', 18000, 'kg', 'ถังลินเด้ (CH0011)', NULL, 'Active', NULL, 'Sent', NULL, NULL, NULL, NULL, NULL, NULL, NULL, 'Pending');
insert into calloff_plan (plant, material_name, supplier_name, delivery_date, quantity, unit, tank_id, target_week, status, remark, mail_status, do_number, supplier_weight, factory_weight, weight_diff, sap_receive_weight, sap_doc_number, actual_delivery_date, receive_status) values ('PT', 'CO2', 'ลินเด้ (ประเทศไทย)', '2026-05-28', 18000, 'kg', 'ถังแพรกซ์แอร์ (PCH0111) ', NULL, 'Active', NULL, 'Sent', NULL, NULL, NULL, NULL, NULL, NULL, NULL, 'Pending');
insert into calloff_plan (plant, material_name, supplier_name, delivery_date, quantity, unit, tank_id, target_week, status, remark, mail_status, do_number, supplier_weight, factory_weight, weight_diff, sap_receive_weight, sap_doc_number, actual_delivery_date, receive_status) values ('PT', 'CO2', 'ลินเด้ (ประเทศไทย)', '2026-05-30', 18000, 'kg', 'ถังลินเด้ (CH0011)', NULL, 'Active', NULL, 'Sent', NULL, NULL, NULL, NULL, NULL, NULL, NULL, 'Pending');
insert into calloff_plan (plant, material_name, supplier_name, delivery_date, quantity, unit, tank_id, target_week, status, remark, mail_status, do_number, supplier_weight, factory_weight, weight_diff, sap_receive_weight, sap_doc_number, actual_delivery_date, receive_status) values ('PT', 'HFS42%', 'WGC', '2026-06-02', 15000, 'kg', NULL, NULL, 'Active', NULL, 'Sent', NULL, NULL, NULL, NULL, NULL, NULL, NULL, 'Pending');
insert into calloff_plan (plant, material_name, supplier_name, delivery_date, quantity, unit, tank_id, target_week, status, remark, mail_status, do_number, supplier_weight, factory_weight, weight_diff, sap_receive_weight, sap_doc_number, actual_delivery_date, receive_status) values ('PT', 'HFS42%', 'WGC', '2026-06-04', 15000, 'kg', NULL, NULL, 'Active', NULL, 'Sent', NULL, NULL, NULL, NULL, NULL, NULL, NULL, 'Pending');
insert into calloff_plan (plant, material_name, supplier_name, delivery_date, quantity, unit, tank_id, target_week, status, remark, mail_status, do_number, supplier_weight, factory_weight, weight_diff, sap_receive_weight, sap_doc_number, actual_delivery_date, receive_status) values ('PT', 'HFS42%', 'WGC', '2026-06-05', 30000, 'kg', NULL, NULL, 'Active', NULL, 'Sent', NULL, NULL, NULL, NULL, NULL, NULL, NULL, 'Pending');
insert into calloff_plan (plant, material_name, supplier_name, delivery_date, quantity, unit, tank_id, target_week, status, remark, mail_status, do_number, supplier_weight, factory_weight, weight_diff, sap_receive_weight, sap_doc_number, actual_delivery_date, receive_status) values ('PT', 'HFS42%', 'WGC', '2026-06-06', 30000, 'kg', NULL, NULL, 'Active', NULL, 'Sent', NULL, NULL, NULL, NULL, NULL, NULL, NULL, 'Pending');
insert into calloff_plan (plant, material_name, supplier_name, delivery_date, quantity, unit, tank_id, target_week, status, remark, mail_status, do_number, supplier_weight, factory_weight, weight_diff, sap_receive_weight, sap_doc_number, actual_delivery_date, receive_status) values ('PT', 'Liquid Sugar', 'ไทยรุ่งเรืองอุตสาหกรรม', '2026-06-02', 60000, 'kg', NULL, NULL, 'Active', NULL, 'Sent', NULL, NULL, NULL, NULL, NULL, NULL, NULL, 'Pending');
insert into calloff_plan (plant, material_name, supplier_name, delivery_date, quantity, unit, tank_id, target_week, status, remark, mail_status, do_number, supplier_weight, factory_weight, weight_diff, sap_receive_weight, sap_doc_number, actual_delivery_date, receive_status) values ('PT', 'Liquid Sugar', 'ไทยรุ่งเรืองอุตสาหกรรม', '2026-06-04', 30000, 'kg', NULL, NULL, 'Active', NULL, 'Sent', NULL, NULL, NULL, NULL, NULL, NULL, NULL, 'Pending');
insert into calloff_plan (plant, material_name, supplier_name, delivery_date, quantity, unit, tank_id, target_week, status, remark, mail_status, do_number, supplier_weight, factory_weight, weight_diff, sap_receive_weight, sap_doc_number, actual_delivery_date, receive_status) values ('PT', 'Liquid Sugar', 'ไทยรุ่งเรืองอุตสาหกรรม', '2026-06-05', 30000, 'kg', NULL, NULL, 'Active', NULL, 'Sent', NULL, NULL, NULL, NULL, NULL, NULL, NULL, 'Pending');
insert into calloff_plan (plant, material_name, supplier_name, delivery_date, quantity, unit, tank_id, target_week, status, remark, mail_status, do_number, supplier_weight, factory_weight, weight_diff, sap_receive_weight, sap_doc_number, actual_delivery_date, receive_status) values ('PT', 'Liquid Sugar', 'ไทยรุ่งเรืองอุตสาหกรรม', '2026-06-06', 30000, 'kg', NULL, NULL, 'Active', NULL, 'Sent', NULL, NULL, NULL, NULL, NULL, NULL, NULL, 'Pending');
insert into calloff_plan (plant, material_name, supplier_name, delivery_date, quantity, unit, tank_id, target_week, status, remark, mail_status, do_number, supplier_weight, factory_weight, weight_diff, sap_receive_weight, sap_doc_number, actual_delivery_date, receive_status) values ('PT', 'HFS42%', 'พี.เอส.ซี.สตาร์ช โปรดักส์', '2026-05-31', 30000, 'kg', NULL, NULL, 'Active', NULL, 'Pending', NULL, NULL, NULL, NULL, NULL, NULL, NULL, 'Pending');
insert into calloff_plan (plant, material_name, supplier_name, delivery_date, quantity, unit, tank_id, target_week, status, remark, mail_status, do_number, supplier_weight, factory_weight, weight_diff, sap_receive_weight, sap_doc_number, actual_delivery_date, receive_status) values ('PT', 'CO2', 'ลินเด้ (ประเทศไทย)', '2026-06-02', 18000, 'kg', 'ถังลินเด้ (CH0011)', NULL, 'Active', NULL, 'Sent', NULL, NULL, NULL, NULL, NULL, NULL, NULL, 'Pending');
insert into calloff_plan (plant, material_name, supplier_name, delivery_date, quantity, unit, tank_id, target_week, status, remark, mail_status, do_number, supplier_weight, factory_weight, weight_diff, sap_receive_weight, sap_doc_number, actual_delivery_date, receive_status) values ('PT', 'CO2', 'ลินเด้ (ประเทศไทย)', '2026-06-05', 18000, 'kg', 'ถังแพรกซ์แอร์ (PCH0111) ', NULL, 'Active', NULL, 'Sent', NULL, NULL, NULL, NULL, NULL, NULL, NULL, 'Pending');
insert into calloff_plan (plant, material_name, supplier_name, delivery_date, quantity, unit, tank_id, target_week, status, remark, mail_status, do_number, supplier_weight, factory_weight, weight_diff, sap_receive_weight, sap_doc_number, actual_delivery_date, receive_status) values ('PT', 'CO2', 'ลินเด้ (ประเทศไทย)', '2026-06-06', 18000, 'kg', 'ถังลินเด้ (CH0011)', NULL, 'Active', NULL, 'Sent', NULL, NULL, NULL, NULL, NULL, NULL, NULL, 'Pending');
insert into calloff_plan (plant, material_name, supplier_name, delivery_date, quantity, unit, tank_id, target_week, status, remark, mail_status, do_number, supplier_weight, factory_weight, weight_diff, sap_receive_weight, sap_doc_number, actual_delivery_date, receive_status) values ('PT', 'HFS42%', 'WGC', '2026-05-28', 30000, 'kg', NULL, NULL, 'Canceled', 'Test', 'Pending', NULL, NULL, NULL, NULL, NULL, NULL, NULL, 'Pending');
insert into calloff_plan (plant, material_name, supplier_name, delivery_date, quantity, unit, tank_id, target_week, status, remark, mail_status, do_number, supplier_weight, factory_weight, weight_diff, sap_receive_weight, sap_doc_number, actual_delivery_date, receive_status) values ('PT', 'HFS42%', 'WGC', '2026-05-29', 60000, 'kg', NULL, NULL, 'Canceled', 'Test', 'Pending', NULL, NULL, NULL, NULL, NULL, NULL, NULL, 'Pending');
insert into calloff_plan (plant, material_name, supplier_name, delivery_date, quantity, unit, tank_id, target_week, status, remark, mail_status, do_number, supplier_weight, factory_weight, weight_diff, sap_receive_weight, sap_doc_number, actual_delivery_date, receive_status) values ('PT', 'HFS42%', 'WGC', '2026-06-08', 15000, 'kg', NULL, NULL, 'Active', NULL, 'Sent', NULL, NULL, NULL, NULL, NULL, NULL, NULL, 'Pending');
insert into calloff_plan (plant, material_name, supplier_name, delivery_date, quantity, unit, tank_id, target_week, status, remark, mail_status, do_number, supplier_weight, factory_weight, weight_diff, sap_receive_weight, sap_doc_number, actual_delivery_date, receive_status) values ('PT', 'HFS42%', 'WGC', '2026-06-09', 30000, 'kg', NULL, NULL, 'Active', NULL, 'Sent', NULL, NULL, NULL, NULL, NULL, NULL, NULL, 'Pending');
insert into calloff_plan (plant, material_name, supplier_name, delivery_date, quantity, unit, tank_id, target_week, status, remark, mail_status, do_number, supplier_weight, factory_weight, weight_diff, sap_receive_weight, sap_doc_number, actual_delivery_date, receive_status) values ('PT', 'HFS42%', 'WGC', '2026-06-10', 30000, 'kg', NULL, NULL, 'Active', NULL, 'Sent', NULL, NULL, NULL, NULL, NULL, NULL, NULL, 'Pending');
insert into calloff_plan (plant, material_name, supplier_name, delivery_date, quantity, unit, tank_id, target_week, status, remark, mail_status, do_number, supplier_weight, factory_weight, weight_diff, sap_receive_weight, sap_doc_number, actual_delivery_date, receive_status) values ('PT', 'HFS42%', 'WGC', '2026-06-11', 15000, 'kg', NULL, NULL, 'Active', NULL, 'Sent', NULL, NULL, NULL, NULL, NULL, NULL, NULL, 'Pending');
insert into calloff_plan (plant, material_name, supplier_name, delivery_date, quantity, unit, tank_id, target_week, status, remark, mail_status, do_number, supplier_weight, factory_weight, weight_diff, sap_receive_weight, sap_doc_number, actual_delivery_date, receive_status) values ('PT', 'HFS42%', 'WGC', '2026-06-12', 30000, 'kg', NULL, NULL, 'Active', NULL, 'Sent', NULL, NULL, NULL, NULL, NULL, NULL, NULL, 'Pending');
insert into calloff_plan (plant, material_name, supplier_name, delivery_date, quantity, unit, tank_id, target_week, status, remark, mail_status, do_number, supplier_weight, factory_weight, weight_diff, sap_receive_weight, sap_doc_number, actual_delivery_date, receive_status) values ('PT', 'Liquid Sugar', 'ไทยรุ่งเรืองอุตสาหกรรม', '2026-06-08', 60000, 'kg', NULL, NULL, 'Active', NULL, 'Sent', NULL, NULL, NULL, NULL, NULL, NULL, NULL, 'Pending');
insert into calloff_plan (plant, material_name, supplier_name, delivery_date, quantity, unit, tank_id, target_week, status, remark, mail_status, do_number, supplier_weight, factory_weight, weight_diff, sap_receive_weight, sap_doc_number, actual_delivery_date, receive_status) values ('PT', 'Liquid Sugar', 'ไทยรุ่งเรืองอุตสาหกรรม', '2026-06-09', 30000, 'kg', NULL, NULL, 'Active', NULL, 'Sent', NULL, NULL, NULL, NULL, NULL, NULL, NULL, 'Pending');
insert into calloff_plan (plant, material_name, supplier_name, delivery_date, quantity, unit, tank_id, target_week, status, remark, mail_status, do_number, supplier_weight, factory_weight, weight_diff, sap_receive_weight, sap_doc_number, actual_delivery_date, receive_status) values ('PT', 'Liquid Sugar', 'ไทยรุ่งเรืองอุตสาหกรรม', '2026-06-10', 30000, 'kg', NULL, NULL, 'Active', NULL, 'Sent', NULL, NULL, NULL, NULL, NULL, NULL, NULL, 'Pending');
insert into calloff_plan (plant, material_name, supplier_name, delivery_date, quantity, unit, tank_id, target_week, status, remark, mail_status, do_number, supplier_weight, factory_weight, weight_diff, sap_receive_weight, sap_doc_number, actual_delivery_date, receive_status) values ('PT', 'Liquid Sugar', 'ไทยรุ่งเรืองอุตสาหกรรม', '2026-06-11', 30000, 'kg', NULL, NULL, 'Active', NULL, 'Sent', NULL, NULL, NULL, NULL, NULL, NULL, NULL, 'Pending');
insert into calloff_plan (plant, material_name, supplier_name, delivery_date, quantity, unit, tank_id, target_week, status, remark, mail_status, do_number, supplier_weight, factory_weight, weight_diff, sap_receive_weight, sap_doc_number, actual_delivery_date, receive_status) values ('PT', 'Liquid Sugar', 'ไทยรุ่งเรืองอุตสาหกรรม', '2026-06-12', 30000, 'kg', NULL, NULL, 'Active', NULL, 'Sent', NULL, NULL, NULL, NULL, NULL, NULL, NULL, 'Pending');
insert into calloff_plan (plant, material_name, supplier_name, delivery_date, quantity, unit, tank_id, target_week, status, remark, mail_status, do_number, supplier_weight, factory_weight, weight_diff, sap_receive_weight, sap_doc_number, actual_delivery_date, receive_status) values ('PT', 'Liquid Sugar', 'ไทยรุ่งเรืองอุตสาหกรรม', '2026-06-13', 30000, 'kg', NULL, NULL, 'Active', NULL, 'Sent', NULL, NULL, NULL, NULL, NULL, NULL, NULL, 'Pending');
insert into calloff_plan (plant, material_name, supplier_name, delivery_date, quantity, unit, tank_id, target_week, status, remark, mail_status, do_number, supplier_weight, factory_weight, weight_diff, sap_receive_weight, sap_doc_number, actual_delivery_date, receive_status) values ('PT', 'CO2', 'ลินเด้ (ประเทศไทย)', '2026-06-09', 18000, 'kg', 'ถังแพรกซ์แอร์ (PCH0111) ', NULL, 'Active', NULL, 'Sent', NULL, NULL, NULL, NULL, NULL, NULL, NULL, 'Pending');
insert into calloff_plan (plant, material_name, supplier_name, delivery_date, quantity, unit, tank_id, target_week, status, remark, mail_status, do_number, supplier_weight, factory_weight, weight_diff, sap_receive_weight, sap_doc_number, actual_delivery_date, receive_status) values ('PT', 'CO2', 'ลินเด้ (ประเทศไทย)', '2026-06-11', 18000, 'kg', 'ถังลินเด้ (CH0011)', NULL, 'Active', NULL, 'Sent', NULL, NULL, NULL, NULL, NULL, NULL, NULL, 'Pending');
insert into calloff_plan (plant, material_name, supplier_name, delivery_date, quantity, unit, tank_id, target_week, status, remark, mail_status, do_number, supplier_weight, factory_weight, weight_diff, sap_receive_weight, sap_doc_number, actual_delivery_date, receive_status) values ('PT', 'CO2', 'ลินเด้ (ประเทศไทย)', '2026-06-13', 18000, 'kg', 'ถังแพรกซ์แอร์ (PCH0111) ', NULL, 'Active', NULL, 'Sent', NULL, NULL, NULL, NULL, NULL, NULL, NULL, 'Pending');
insert into calloff_plan (plant, material_name, supplier_name, delivery_date, quantity, unit, tank_id, target_week, status, remark, mail_status, do_number, supplier_weight, factory_weight, weight_diff, sap_receive_weight, sap_doc_number, actual_delivery_date, receive_status) values ('PT', 'HFS42%', 'บจก.เจ้าคุณเกษตรพืชผล', '2026-06-15', 30000, 'kg', NULL, NULL, 'Active', NULL, 'Sent', NULL, NULL, NULL, NULL, NULL, NULL, NULL, 'Pending');
insert into calloff_plan (plant, material_name, supplier_name, delivery_date, quantity, unit, tank_id, target_week, status, remark, mail_status, do_number, supplier_weight, factory_weight, weight_diff, sap_receive_weight, sap_doc_number, actual_delivery_date, receive_status) values ('PT', 'HFS42%', 'บจก.เจ้าคุณเกษตรพืชผล', '2026-06-16', 15000, 'kg', NULL, NULL, 'Active', NULL, 'Sent', NULL, NULL, NULL, NULL, NULL, NULL, NULL, 'Pending');
insert into calloff_plan (plant, material_name, supplier_name, delivery_date, quantity, unit, tank_id, target_week, status, remark, mail_status, do_number, supplier_weight, factory_weight, weight_diff, sap_receive_weight, sap_doc_number, actual_delivery_date, receive_status) values ('PT', 'HFS42%', 'บจก.เจ้าคุณเกษตรพืชผล', '2026-06-17', 15000, 'kg', NULL, NULL, 'Active', NULL, 'Sent', NULL, NULL, NULL, NULL, NULL, NULL, NULL, 'Pending');
insert into calloff_plan (plant, material_name, supplier_name, delivery_date, quantity, unit, tank_id, target_week, status, remark, mail_status, do_number, supplier_weight, factory_weight, weight_diff, sap_receive_weight, sap_doc_number, actual_delivery_date, receive_status) values ('PT', 'HFS42%', 'บจก.เจ้าคุณเกษตรพืชผล', '2026-06-18', 30000, 'kg', NULL, NULL, 'Active', NULL, 'Sent', NULL, NULL, NULL, NULL, NULL, NULL, NULL, 'Pending');
insert into calloff_plan (plant, material_name, supplier_name, delivery_date, quantity, unit, tank_id, target_week, status, remark, mail_status, do_number, supplier_weight, factory_weight, weight_diff, sap_receive_weight, sap_doc_number, actual_delivery_date, receive_status) values ('PT', 'HFS42%', 'บจก.เจ้าคุณเกษตรพืชผล', '2026-06-19', 15000, 'kg', NULL, NULL, 'Active', NULL, 'Sent', NULL, NULL, NULL, NULL, NULL, NULL, NULL, 'Pending');
insert into calloff_plan (plant, material_name, supplier_name, delivery_date, quantity, unit, tank_id, target_week, status, remark, mail_status, do_number, supplier_weight, factory_weight, weight_diff, sap_receive_weight, sap_doc_number, actual_delivery_date, receive_status) values ('PT', 'HFS42%', 'บจก.เจ้าคุณเกษตรพืชผล', '2026-06-20', 30000, 'kg', NULL, NULL, 'Active', NULL, 'Sent', NULL, NULL, NULL, NULL, NULL, NULL, NULL, 'Pending');
insert into calloff_plan (plant, material_name, supplier_name, delivery_date, quantity, unit, tank_id, target_week, status, remark, mail_status, do_number, supplier_weight, factory_weight, weight_diff, sap_receive_weight, sap_doc_number, actual_delivery_date, receive_status) values ('PT', 'Liquid Sugar', 'ไทยรุ่งเรืองอุตสาหกรรม', '2026-06-15', 30000, 'kg', NULL, NULL, 'Active', NULL, 'Sent', NULL, NULL, NULL, NULL, NULL, NULL, NULL, 'Pending');
insert into calloff_plan (plant, material_name, supplier_name, delivery_date, quantity, unit, tank_id, target_week, status, remark, mail_status, do_number, supplier_weight, factory_weight, weight_diff, sap_receive_weight, sap_doc_number, actual_delivery_date, receive_status) values ('PT', 'Liquid Sugar', 'ไทยรุ่งเรืองอุตสาหกรรม', '2026-06-16', 30000, 'kg', NULL, NULL, 'Active', NULL, 'Sent', NULL, NULL, NULL, NULL, NULL, NULL, NULL, 'Pending');
insert into calloff_plan (plant, material_name, supplier_name, delivery_date, quantity, unit, tank_id, target_week, status, remark, mail_status, do_number, supplier_weight, factory_weight, weight_diff, sap_receive_weight, sap_doc_number, actual_delivery_date, receive_status) values ('PT', 'Liquid Sugar', 'ไทยรุ่งเรืองอุตสาหกรรม', '2026-06-17', 30000, 'kg', NULL, NULL, 'Active', NULL, 'Sent', NULL, NULL, NULL, NULL, NULL, NULL, NULL, 'Pending');
insert into calloff_plan (plant, material_name, supplier_name, delivery_date, quantity, unit, tank_id, target_week, status, remark, mail_status, do_number, supplier_weight, factory_weight, weight_diff, sap_receive_weight, sap_doc_number, actual_delivery_date, receive_status) values ('PT', 'Liquid Sugar', 'ไทยรุ่งเรืองอุตสาหกรรม', '2026-06-18', 30000, 'kg', NULL, NULL, 'Active', NULL, 'Sent', NULL, NULL, NULL, NULL, NULL, NULL, NULL, 'Pending');
insert into calloff_plan (plant, material_name, supplier_name, delivery_date, quantity, unit, tank_id, target_week, status, remark, mail_status, do_number, supplier_weight, factory_weight, weight_diff, sap_receive_weight, sap_doc_number, actual_delivery_date, receive_status) values ('PT', 'Liquid Sugar', 'ไทยรุ่งเรืองอุตสาหกรรม', '2026-06-19', 30000, 'kg', NULL, NULL, 'Active', NULL, 'Sent', NULL, NULL, NULL, NULL, NULL, NULL, NULL, 'Pending');
insert into calloff_plan (plant, material_name, supplier_name, delivery_date, quantity, unit, tank_id, target_week, status, remark, mail_status, do_number, supplier_weight, factory_weight, weight_diff, sap_receive_weight, sap_doc_number, actual_delivery_date, receive_status) values ('PT', 'Liquid Sugar', 'ไทยรุ่งเรืองอุตสาหกรรม', '2026-06-20', 60000, 'kg', NULL, NULL, 'Active', NULL, 'Sent', NULL, NULL, NULL, NULL, NULL, NULL, NULL, 'Pending');